step,avg_reward,avg_len,time,lr
740,-0.766337,9.635,1771228963.175,2e-05
1480,-33.157589,9.581,1771229242.986,2e-05
2220,-41.593697,10.905,1771229528.602,2e-05
2960,-14.324574,10.149,1771229814.965,2e-05
3700,-35.920967,9.500,1771230103.146,2e-05
4440,-34.400501,10.405,1771230392.808,2e-05
5180,-15.756124,10.865,1771230682.517,2e-05
5920,-25.155201,10.108,1771230970.211,2e-05
6660,-24.030819,9.068,1771231257.586,2e-05
7400,-24.382643,9.378,1771231545.242,2e-05
8140,-11.085662,9.946,1771231834.283,2e-05
8880,-12.602970,10.135,1771232124.451,2e-05
9620,-10.500807,8.230,1771232414.853,2e-05
10360,-19.226740,8.986,1771232705.179,2e-05
11100,-24.072197,8.757,1771232997.327,2e-05
11840,-31.280687,9.014,1771233288.842,2e-05
12580,-6.788653,9.351,1771233581.113,2e-05
13320,-9.145671,8.757,1771233873.775,2e-05
14060,-8.582703,7.892,1771234164.878,2e-05
14800,-8.609519,7.892,1771234453.653,2e-05
15540,-37.934826,8.095,1771234744.134,2e-05
16280,-16.033644,7.838,1771235036.108,2e-05
17020,-5.774211,8.243,1771235330.324,2e-05
17760,-5.648852,7.284,1771235625.518,2e-05
18500,-5.801820,7.486,1771235923.524,2e-05
19240,-20.770369,7.486,1771236223.001,2e-05
19980,-5.749506,7.811,1771236521.709,2e-05
20720,-12.326079,7.149,1771236822.059,2e-05
21460,-11.364187,7.527,1771237122.135,2e-05
22200,-6.455913,7.581,1771237421.300,2e-05
22940,-4.777013,7.095,1771237718.516,2e-05
23680,-9.638222,7.716,1771238015.737,2e-05
24420,-4.025513,7.662,1771238314.171,2e-05
25160,-13.778358,7.297,1771238609.644,2e-05
25900,-6.172953,6.811,1771238907.372,2e-05
26640,-4.461174,7.014,1771239208.214,2e-05
27380,-7.642801,6.865,1771239508.500,2e-05
28120,-21.581356,7.230,1771239807.125,2e-05
28860,-6.287036,7.216,1771240107.408,2e-05
29600,-16.287256,7.568,1771240406.664,2e-05
30340,-5.614547,7.257,1771240708.112,2e-05
31080,-4.847689,6.797,1771241010.377,2e-05
31820,-6.894022,7.189,1771241311.362,2e-05
32560,-4.000607,7.176,1771241612.624,2e-05
33300,-4.435527,7.378,1771241913.891,2e-05
34040,-3.911567,7.797,1771242210.227,2e-05
34780,-3.165266,7.541,1771242507.517,2e-05
35520,-7.150120,7.500,1771242804.893,2e-05
36260,-3.065164,8.284,1771243101.767,2e-05
37000,-3.398461,7.743,1771243398.039,2e-05
37740,-10.818290,7.622,1771243696.014,2e-05
38480,-12.004484,8.432,1771243995.026,2e-05
39220,-6.421913,8.946,1771244294.712,2e-05
39960,-2.694048,8.257,1771244594.948,2e-05
40700,-2.691459,8.811,1771244895.023,2e-05
41440,-5.874192,9.135,1771245195.627,2e-05
42180,-2.493621,8.919,1771245496.390,2e-05
42920,-4.920737,8.770,1771245798.319,2e-05
43660,-3.030235,9.189,1771246101.261,2e-05
44400,-2.669869,8.865,1771246403.437,2e-05
45140,-3.490700,8.959,1771246704.563,2e-05
45880,-2.901764,8.730,1771247005.864,2e-05
46620,-3.213806,8.959,1771247308.303,2e-05
47360,-2.523361,8.811,1771247610.951,2e-05
48100,-2.498944,9.432,1771247914.169,2e-05
48840,-2.540586,9.797,1771248217.251,2e-05
49580,-2.293753,9.865,1771248520.919,2e-05
50320,-2.554445,9.973,1771248826.912,2e-05
51060,-2.339133,10.108,1771249133.401,2e-05
51800,-2.263539,10.365,1771249442.291,2e-05
52540,-2.461706,10.757,1771249752.398,2e-05
53280,-6.144622,10.716,1771250062.874,2e-05
54020,-2.991902,11.014,1771250373.992,2e-05
54760,-2.029352,11.216,1771250680.945,2e-05
55500,-1.905330,11.311,1771250989.511,2e-05
56240,-2.331245,11.365,1771251299.264,2e-05
56980,-1.875233,11.568,1771251607.598,2e-05
57720,-1.823215,11.676,1771251916.960,2e-05
58460,-1.874532,12.122,1771252231.405,2e-05
59200,-3.078944,11.932,1771252544.682,2e-05
59940,-1.827564,12.554,1771252858.428,2e-05
60680,-1.781554,12.257,1771253171.302,2e-05
61420,-3.837921,12.622,1771253483.723,2e-05
62160,-1.600157,12.689,1771253796.944,2e-05
62900,-1.721183,12.622,1771254111.099,2e-05
63640,-4.622108,12.581,1771254425.958,2e-05
64380,-1.784335,12.986,1771254741.239,2e-05
65120,-1.618393,12.608,1771255057.731,2e-05
65860,-1.377953,13.014,1771255375.908,2e-05
66600,-1.790435,13.500,1771255693.347,2e-05
67340,-1.330253,13.527,1771256010.762,2e-05
68080,-1.420496,13.703,1771256327.250,2e-05
68820,-1.031946,14.459,1771256644.998,2e-05
69560,-1.126734,14.730,1771256962.941,2e-05
70300,-1.700167,14.838,1771257284.162,2e-05
71040,-1.191640,14.946,1771257606.462,2e-05
71780,-1.207482,14.703,1771257930.505,2e-05
72520,-1.209498,14.649,1771258253.946,2e-05
73260,-1.478437,14.689,1771258578.625,2e-05
74000,-1.243202,15.108,1771258901.449,2e-05
74740,-1.384664,15.730,1771259225.336,2e-05
75480,-1.158776,15.554,1771259548.881,2e-05
76220,-0.958143,15.932,1771259872.601,2e-05
76960,-1.099874,15.108,1771260195.274,2e-05
77700,-1.091134,14.811,1771260517.738,2e-05
78440,-1.397184,14.203,1771260842.150,2e-05
79180,-2.188520,14.514,1771261167.235,2e-05
79920,-1.059237,14.324,1771261492.166,2e-05
80660,-1.218330,14.743,1771261818.972,2e-05
81400,-0.705922,15.378,1771262146.447,2e-05
82140,-3.688748,15.459,1771262474.148,2e-05
82880,-0.886340,15.541,1771262803.131,2e-05
83620,-2.161462,15.514,1771263130.573,2e-05
84360,-1.500971,15.811,1771263459.567,2e-05
85100,-0.782666,15.554,1771263790.167,2e-05
85840,-0.884973,15.568,1771264119.486,2e-05
86580,-0.622367,16.378,1771264450.974,2e-05
87320,-0.636241,15.932,1771264780.458,2e-05
88060,-1.180731,16.243,1771265109.721,2e-05
88800,-0.627963,15.730,1771265439.110,2e-05
89540,-0.746654,15.892,1771265768.770,2e-05
90280,-0.736193,16.324,1771266101.119,2e-05
91020,-1.240148,16.297,1771266433.572,2e-05
91760,-0.590026,16.189,1771266765.466,2e-05
92500,-0.648509,16.757,1771267097.553,2e-05
93240,-0.461474,16.662,1771267428.487,2e-05
93980,-0.633840,16.919,1771267760.639,2e-05
94720,-0.555624,16.676,1771268092.976,2e-05
95460,-0.632161,17.014,1771268426.047,2e-05
96200,-0.556911,17.297,1771268762.589,2e-05
96940,-0.464541,17.149,1771269093.180,2e-05
97680,-0.653547,16.811,1771269421.712,2e-05
98420,-0.525039,16.473,1771269750.664,2e-05
99160,-0.687444,16.743,1771270079.445,2e-05
99900,-0.543890,16.824,1771270410.549,2e-05
100640,-1.201326,16.081,1771270739.930,2e-05
101380,-0.328559,16.297,1771271068.675,2e-05
102120,-0.926139,15.973,1771271396.928,2e-05
102860,-0.675503,16.135,1771271727.123,2e-05
103600,-0.767432,15.865,1771272057.546,2e-05
104340,-0.727426,16.716,1771272388.314,2e-05
105080,-0.374067,17.135,1771272719.191,2e-05
105820,-0.371948,16.959,1771273050.940,2e-05
106560,-0.920652,16.689,1771273381.817,2e-05
107300,-0.490950,17.108,1771273714.515,2e-05
108040,-0.630014,16.986,1771274046.530,2e-05
108780,-0.734200,17.257,1771274381.466,2e-05
109520,-0.499980,16.838,1771274716.854,2e-05
110260,-0.537055,17.149,1771275052.690,2e-05
111000,-0.702949,17.176,1771275387.360,2e-05
111740,-0.646262,16.432,1771275722.396,2e-05
112480,-0.418436,17.216,1771276059.016,2e-05
113220,-0.680940,16.932,1771276394.394,2e-05
113960,-0.703118,16.905,1771276730.065,2e-05
114700,-0.624352,16.973,1771277064.683,2e-05
115440,-0.630700,16.635,1771277400.294,2e-05
116180,-0.498894,17.541,1771277736.743,2e-05
116920,-0.568787,17.622,1771278072.153,2e-05
117660,-0.267628,17.189,1771278407.897,2e-05
118400,-0.412917,17.432,1771278742.378,2e-05
119140,-0.387418,17.405,1771279078.043,2e-05
119880,-0.493495,17.595,1771279414.208,2e-05
120620,-0.543015,16.459,1771279748.349,2e-05
121360,-0.461906,16.541,1771280082.516,2e-05
122100,-0.544757,16.986,1771280418.354,2e-05
122840,-0.421254,17.095,1771280756.231,2e-05
123580,-0.254159,17.162,1771281091.112,2e-05
124320,-0.507227,17.230,1771281426.864,2e-05
125060,-0.450175,17.432,1771281761.658,2e-05
125800,-0.135472,17.689,1771282098.320,2e-05
126540,-0.599477,17.311,1771282436.273,2e-05
127280,-0.310648,17.297,1771282772.673,2e-05
128020,-0.827607,17.338,1771283109.485,2e-05
128760,-0.495734,16.986,1771283448.377,2e-05
129500,-0.447885,16.689,1771283784.691,2e-05
130240,-0.685630,16.189,1771284119.836,2e-05
130980,-0.559748,16.568,1771284453.181,2e-05
131720,-0.620012,17.027,1771284785.425,2e-05
132460,-0.536224,16.716,1771285120.264,2e-05
133200,-0.579322,17.365,1771285454.868,2e-05
133940,-0.504000,17.486,1771285790.960,2e-05
134680,-0.509015,17.649,1771286127.831,2e-05
135420,-0.436470,17.622,1771286462.953,2e-05
136160,-0.527268,17.743,1771286799.982,2e-05
136900,-0.577221,17.568,1771287136.243,2e-05
137640,-0.463522,16.959,1771287471.117,2e-05
138380,-0.295471,17.811,1771287808.626,2e-05
139120,-0.198452,17.041,1771288144.413,2e-05
139860,-0.411448,17.311,1771288480.497,2e-05
140600,-0.339077,17.473,1771288817.816,2e-05
141340,-0.214763,17.311,1771289155.835,2e-05
142080,-0.473064,17.649,1771289491.844,2e-05
142820,-0.417327,17.959,1771289829.978,2e-05
143560,-0.387005,16.649,1771290167.890,2e-05
144300,-0.424382,17.108,1771290506.681,2e-05
145040,-0.337640,16.568,1771290842.660,2e-05
145780,-0.696766,16.041,1771291180.052,2e-05
146520,-0.833878,15.514,1771291517.427,2e-05
147260,-0.827736,16.527,1771291849.007,2e-05
148000,-0.538163,16.851,1771292179.914,2e-05
148740,-0.370151,17.014,1771292514.404,2e-05
149480,-0.333745,17.730,1771292850.577,2e-05
150220,-0.526530,17.757,1771293184.652,2e-05
150960,-0.397580,17.743,1771293522.338,2e-05
151700,-0.391462,17.541,1771293860.130,2e-05
152440,-0.437620,17.959,1771294198.485,2e-05
153180,-0.319738,18.216,1771294534.102,2e-05
153920,-0.502884,17.730,1771294874.260,2e-05
154660,-0.425618,17.797,1771295214.154,2e-05
155400,-0.373750,17.622,1771295552.225,2e-05
156140,-0.366482,17.784,1771295890.496,2e-05
156880,-0.374593,17.243,1771296229.372,2e-05
157620,-0.153591,17.338,1771296571.092,2e-05
158360,-0.427499,16.838,1771296910.125,2e-05
159100,-0.496171,16.932,1771297248.917,2e-05
159840,-0.356613,16.527,1771297586.245,2e-05
160580,-2.431257,17.378,1771297926.523,2e-05
161320,-0.452062,16.676,1771298264.447,2e-05
162060,-0.357989,18.149,1771298605.650,2e-05
162800,-0.235116,17.581,1771298943.967,2e-05
163540,-0.381718,17.932,1771299283.806,2e-05
164280,-0.561510,18.081,1771299624.066,2e-05
165020,-0.248884,18.378,1771299963.479,2e-05
165760,-0.315334,17.811,1771300301.327,2e-05
166500,-0.266341,18.149,1771300643.284,2e-05
167240,-0.256852,17.959,1771300982.462,2e-05
167980,-0.348761,17.986,1771301321.851,2e-05
168720,-0.228751,18.122,1771301665.173,2e-05
169460,-0.195873,17.243,1771302007.948,2e-05
170200,-0.777441,17.568,1771302347.433,2e-05
170940,-0.178029,17.743,1771302688.509,2e-05
171680,-0.353388,17.973,1771303026.938,2e-05
172420,-0.307028,18.351,1771303365.913,2e-05
173160,-0.319089,17.973,1771303704.709,2e-05
173900,-0.321279,18.054,1771304042.783,2e-05
174640,-0.200077,17.986,1771304378.365,2e-05
175380,-0.296098,17.838,1771304717.546,2e-05
176120,-0.225411,18.270,1771305054.623,2e-05
176860,-0.455218,17.851,1771305392.233,2e-05
177600,-0.148412,17.973,1771305730.175,2e-05
178340,-0.328089,17.595,1771306068.165,2e-05
179080,-0.255809,17.041,1771306405.515,2e-05
179820,-0.276688,17.419,1771306742.528,2e-05
180560,-0.371395,17.500,1771307083.415,2e-05
181300,-0.303303,16.973,1771307421.831,2e-05
182040,-0.183438,17.905,1771307760.515,2e-05
182780,-0.318751,17.716,1771308097.979,2e-05
183520,-0.263997,17.784,1771308436.090,2e-05
184260,-0.414314,17.405,1771308774.553,2e-05
185000,-0.301567,17.811,1771309113.445,2e-05
185740,-0.235966,17.608,1771309452.535,2e-05
186480,-0.436883,17.649,1771309792.934,2e-05
187220,-0.208389,17.919,1771310131.036,2e-05
187960,-0.136271,17.568,1771310468.840,2e-05
188700,-0.298623,17.608,1771310807.824,2e-05
189440,-0.307458,17.770,1771311147.559,2e-05
190180,-0.271917,18.122,1771311487.834,2e-05
190920,-0.187078,17.797,1771311828.455,2e-05
191660,-0.188059,18.676,1771312170.204,2e-05
192400,-0.221130,18.162,1771312509.649,2e-05
193140,-0.247197,18.635,1771312852.688,2e-05
193880,-0.356688,18.270,1771313192.702,2e-05
194620,-0.162816,18.432,1771313533.261,2e-05
195360,-0.262818,18.297,1771313874.107,2e-05
196100,-0.212888,17.838,1771314214.878,2e-05
196840,-0.275803,17.595,1771314555.089,2e-05
197580,-0.265243,16.689,1771314894.634,2e-05
198320,-0.376603,16.676,1771315230.819,2e-05
199060,-0.338838,17.297,1771315573.275,2e-05
199800,-0.204582,18.270,1771315915.317,2e-05
200022,-0.389101,18.635,1771316019.213,2e-05
