index,selfies,smiles,SA,pred_D,pred_P,pred_EG,pred_r0,vgae_score,reward,img_page,img_tile
0,smiles,,1.5,0.062493516986974106,0.03594995997808408,0.02666736715538344,-0.08951951750876239,,0.030372608976835785,mols/page_0001.png,0
1,O=[N+]([O-])c1cc([N+](=O)[O-])c(Nc2c[nH]nn2)c([N+](=O)[O-])c1,O=[N+]([O-])c1cc([N+](=O)[O-])c(Nc2c[nH]nn2)c([N+](=O)[O-])c1,1.506423335035418,-1.01662131599363,-0.8918660235936833,-0.8733411558487527,-0.1762738167361277,,-0.8593399383116764,mols/page_0001.png,1
2,O=[N+]([O-])c1cc(-n2cc([N+](=O)[O-])nn2)cc([N+](=O)[O-])c1,O=[N+]([O-])c1cc(-n2cc([N+](=O)[O-])nn2)cc([N+](=O)[O-])c1,1.4839038473124213,-1.1118370071773986,-0.9750199033649971,-0.9561050330264447,-0.29983452865229365,,-0.9506586346434291,mols/page_0001.png,2
3,O=[N+]([O-])c1cn(-c2ccc([N+](=O)[O-])c([N+](=O)[O-])c2)nn1,O=[N+]([O-])c1cn(-c2ccc([N+](=O)[O-])c([N+](=O)[O-])c2)nn1,1.4839038473124213,-1.0762224514220744,-0.9341257203677821,-0.9152826093598423,-0.3420753301731156,,-0.9199437594653327,mols/page_0001.png,3
4,O=[N+]([O-])c1cc([N+](=O)[O-])c(-n2nnc3c([N+](=O)[O-])cc([N+](=O)[O-])cc32)c([N+](=O)[O-])c1,O=[N+]([O-])c1cc([N+](=O)[O-])c(-n2nnc3c([N+](=O)[O-])cc([N+](=O)[O-])cc32)c([N+](=O)[O-])c1,1.7025801340811582,-0.7253476250042629,-0.5621770161397279,-0.7004199233971984,0.3179849495979403,,-0.5658312594829159,mols/page_0001.png,4
5,O=[N+]([O-])c1cc([N+](=O)[O-])c(-n2nnc3cc([N+](=O)[O-])cc([N+](=O)[O-])c32)c([N+](=O)[O-])c1,O=[N+]([O-])c1cc([N+](=O)[O-])c(-n2nnc3cc([N+](=O)[O-])cc([N+](=O)[O-])c32)c([N+](=O)[O-])c1,1.7025801340811582,-0.7356628284337162,-0.571032572619336,-0.7141697955079733,0.31938824153158085,,-0.5753953864614367,mols/page_0001.png,5
6,O=[N+]([O-])c1cc([N+](=O)[O-])c(-n2nnc3cc4c(cc32)nnn4-c2c([N+](=O)[O-])cc([N+](=O)[O-])cc2[N+](=O)[O-])c([N+](=O)[O-])c1,O=[N+]([O-])c1cc([N+](=O)[O-])c(-n2nnc3cc4c(cc32)nnn4-c2c([N+](=O)[O-])cc([N+](=O)[O-])cc2[N+](=O)[O-])c([N+](=O)[O-])c1,2.1422400836961355,-1.1533806444469714,-0.9378370430750598,-1.152666498603256,0.18148970653426624,,-0.9550519924763453,mols/page_0001.png,6
7,O=[N+]([O-])c1cc([N+](=O)[O-])c(Nc2nnn[nH]2)c([N+](=O)[O-])c1,O=[N+]([O-])c1cc([N+](=O)[O-])c(Nc2nnn[nH]2)c([N+](=O)[O-])c1,1.486423335035418,-0.3483485442346151,-0.2514799895386271,-0.35820187928691893,0.4745352670849685,,-0.23946293045693628,mols/page_0001.png,7
8,O=[N+]([O-])c1cc([N+](=O)[O-])c(-n2nnc3cc([N+](=O)[O-])c([N+](=O)[O-])cc32)c([N+](=O)[O-])c1,O=[N+]([O-])c1cc([N+](=O)[O-])c(-n2nnc3cc([N+](=O)[O-])c([N+](=O)[O-])cc32)c([N+](=O)[O-])c1,1.7025801340811582,-0.7087505962418387,-0.549256221335348,-0.6890957354271147,0.33090846012816866,,-0.5520226629292098,mols/page_0001.png,8
9,O=[N+]([O-])c1cc([N+](=O)[O-])c(Nc2cn(-c3c([N+](=O)[O-])cc([N+](=O)[O-])cc3[N+](=O)[O-])nn2)c([N+](=O)[O-])c1,O=[N+]([O-])c1cc([N+](=O)[O-])c(Nc2cn(-c3c([N+](=O)[O-])cc([N+](=O)[O-])cc3[N+](=O)[O-])nn2)c([N+](=O)[O-])c1,1.9783993249990475,-0.7192339225603934,-0.6042942522952325,-0.7064395785390322,0.1738328265507986,,-0.5922467605643856,mols/page_0001.png,9
10,Nc1c([N+](=O)[O-])cc([N+](=O)[O-])c(-n2ccnn2)c1[N+](=O)[O-],Nc1c([N+](=O)[O-])cc([N+](=O)[O-])c(-n2ccnn2)c1[N+](=O)[O-],1.506423335035418,-0.98663259205539,-0.8267845190229085,-0.8533042973367766,-0.0648468044451306,,-0.8131675177049663,mols/page_0001.png,10
11,O=[N+]([O-])c1cnn[nH]1,O=[N+]([O-])c1cnn[nH]1,1.3244996950521224,0.0496132610672569,0.1182826149727037,-0.26966642321142914,0.7928596746496971,,0.06471878752746346,mols/page_0001.png,11
12,[N-]=[N+]=Nc1c([N+](=O)[O-])cc([N+](=O)[O-])cc1[N+](=O)[O-],[N-]=[N+]=Nc1c([N+](=O)[O-])cc([N+](=O)[O-])cc1[N+](=O)[O-],1.5598833105991516,-0.2533488988195517,-0.24846148540025254,-0.21629599862356919,0.12050773307246039,,-0.2052337865555651,mols/page_0001.png,12
13,O=[N+]([O-])OCn1nnc([N+](=O)[O-])n1,O=[N+]([O-])OCn1nnc([N+](=O)[O-])n1,1.3764374998423639,1.7871554637217344,1.788128048037488,1.7386674991289488,1.1554796166014332,,1.7121576631562339,mols/page_0001.png,13
14,[N-]=[N+]=Nc1c([N+](=O)[O-])c([N+](=O)[O-])c([N+](=O)[O-])c([N+](=O)[O-])c1[N+](=O)[O-],[N-]=[N+]=Nc1c([N+](=O)[O-])c([N+](=O)[O-])c([N+](=O)[O-])c([N+](=O)[O-])c1[N+](=O)[O-],1.755885732905358,1.8185111681601458,2.023553483398774,2.0032430523486116,1.8122006493366798,,1.9255757818965042,mols/page_0001.png,14
15,O=[N+]([O-])c1cc([N+](=O)[O-])c(-n2nnc3ccccc32)c([N+](=O)[O-])c1,O=[N+]([O-])c1cc([N+](=O)[O-])c(-n2nnc3ccccc32)c([N+](=O)[O-])c1,1.4958857329053583,-2.0356196461848057,-1.7009889943312972,-1.783968148121527,-0.8203627730425477,,-1.7507918887987075,mols/page_0001.png,15
16,O=[N+]([O-])c1cc([N+](=O)[O-])c(-n2ccnn2)c([N+](=O)[O-])c1,O=[N+]([O-])c1cc([N+](=O)[O-])c(-n2ccnn2)c([N+](=O)[O-])c1,1.4839038473124213,-1.1694921594455419,-1.03846055547452,-1.024040757234808,-0.34473129893757126,,-1.0113437416507547,mols/page_0001.png,16
17,N#[N+]c1cc([N+](=O)[O-])cc([N+](=O)[O-])c1[O-],N#[N+]c1cc([N+](=O)[O-])cc([N+](=O)[O-])c1[O-],1.496601054988479,-1.194015318246028,-1.0295689047126222,-1.2299382185009815,-0.2703274381418795,,-1.0612933312393298,mols/page_0001.png,17
18,O=[N+]([O-])N1CC(N(F)F)(N(F)F)CN([N+](=O)[O-])CC(N(F)F)(N(F)F)C1,O=[N+]([O-])N1CC(N(F)F)(N(F)F)CN([N+](=O)[O-])CC(N(F)F)(N(F)F)C1,1.9436858610047383,2.562137561559636,2.6543045800115097,3.5856802162772534,1.3208856123293757,,2.721548135851576,mols/page_0001.png,18
19,Cc1c([N+]#N)c([O-])c([N+](=O)[O-])c([N+](=O)[O-])c1[N+](=O)[O-],Cc1c([N+]#N)c([O-])c([N+](=O)[O-])c([N+](=O)[O-])c1[N+](=O)[O-],1.601719749037849,-0.5167526856459442,-0.45235329477755837,-0.503686953846622,-0.02300641868547832,,-0.4447918087395513,mols/page_0001.png,19
20,N#[N+]c1cc([N+](=O)[O-])c(Cl)c([N+](=O)[O-])c1[O-],N#[N+]c1cc([N+](=O)[O-])c(Cl)c([N+](=O)[O-])c1[O-],1.517308431519336,-1.0654853695279132,-0.7840830665637968,-1.487901912909609,0.7780736797991659,,-0.9023129095513943,mols/page_0002.png,0
21,O=[N+]([O-])OCCC(CCN(CCC(CCO[N+](=O)[O-])([N+](=O)[O-])[N+](=O)[O-])[N+](=O)[O-])([N+](=O)[O-])[N+](=O)[O-],O=[N+]([O-])OCCC(CCN(CCC(CCO[N+](=O)[O-])([N+](=O)[O-])[N+](=O)[O-])[N+](=O)[O-])([N+](=O)[O-])[N+](=O)[O-],2.3655207929383306,-0.11711200831598836,-0.3513592570023823,0.040383654937092194,-1.1266502175115642,,-0.24896608802819398,mols/page_0002.png,1
22,O=[N+]([O-])OCCN(c1c([N+](=O)[O-])cc([N+](=O)[O-])c(/C=C/c2c([N+](=O)[O-])cc([N+](=O)[O-])cc2[N+](=O)[O-])c1[N+](=O)[O-])[N+](=O)[O-],O=[N+]([O-])OCCN(c1c([N+](=O)[O-])cc([N+](=O)[O-])c(/C=C/c2c([N+](=O)[O-])cc([N+](=O)[O-])cc2[N+](=O)[O-])c1[N+](=O)[O-])[N+](=O)[O-],2.4222400836961357,-0.48551953807996207,-0.46086707353991135,-0.42138206249950205,-0.17415051114020047,,-0.4309525271288556,mols/page_0002.png,2
23,Nc1c([N+](=O)[O-])c(N)c([N+](=O)[O-])c(NCCO[N+](=O)[O-])c1[N+](=O)[O-],Nc1c([N+](=O)[O-])c(N)c([N+](=O)[O-])c(NCCO[N+](=O)[O-])c1[N+](=O)[O-],1.755885732905358,-0.520709858507647,-0.49317784455761304,-0.38715604885256444,-0.22002811636338912,,-0.4489936276944404,mols/page_0002.png,3
24,O=[N+]([O-])OCCNc1c([N+](=O)[O-])c(NCCO[N+](=O)[O-])c([N+](=O)[O-])c(NCCO[N+](=O)[O-])c1[N+](=O)[O-],O=[N+]([O-])OCCNc1c([N+](=O)[O-])c(NCCO[N+](=O)[O-])c([N+](=O)[O-])c(NCCO[N+](=O)[O-])c1[N+](=O)[O-],2.2983993249990475,-0.47376979074630604,-0.5520492160640197,-0.3159402551720644,-0.7136036044261034,,-0.48177961581603945,mols/page_0002.png,4
25,O=[N+]([O-])OCC1OC2OC3C(CO[N+](=O)[O-])OC(OC1C(O[N+](=O)[O-])C2O[N+](=O)[O-])C(O[N+](=O)[O-])C3O[N+](=O)[O-],O=[N+]([O-])OCC1OC2OC3C(CO[N+](=O)[O-])OC(OC1C(O[N+](=O)[O-])C2O[N+](=O)[O-])C(O[N+](=O)[O-])C3O[N+](=O)[O-],9.186790600693021,0.3680144443962297,0.34948917174566707,0.27685628938517515,0.18385301668428902,,0.32125118107710315,mols/page_0002.png,5
26,CC(CN(CCO[N+](=O)[O-])[N+](=O)[O-])([N+](=O)[O-])[N+](=O)[O-],CC(CN(CCO[N+](=O)[O-])[N+](=O)[O-])([N+](=O)[O-])[N+](=O)[O-],1.721719749037849,0.13368413306974414,-0.18950642626588254,0.2773215442905062,-1.2959734304259956,,-0.07032943827532732,mols/page_0002.png,6
27,O=[N+]([O-])OCC(CO[N+](=O)[O-])O[N+](=O)[O-],O=[N+]([O-])OCC(CO[N+](=O)[O-])O[N+](=O)[O-],1.596601054988479,1.2081559460756286,1.0083752822754724,1.0575056590968217,-0.030832281467237748,,0.9866603524365932,mols/page_0002.png,7
28,O=[N+]([O-])OCCNc1c([N+](=O)[O-])cc([N+](=O)[O-])c(N(CCO[N+](=O)[O-])[N+](=O)[O-])c1[N+](=O)[O-],O=[N+]([O-])OCCNc1c([N+](=O)[O-])cc([N+](=O)[O-])c(N(CCO[N+](=O)[O-])[N+](=O)[O-])c1[N+](=O)[O-],2.1135676759431465,0.08884717266412652,-0.020925685194294545,0.16844786632355255,-0.26251382049043104,,0.04067938940600095,mols/page_0002.png,8
29,O=[N+]([O-])OCC(CO[N+](=O)[O-])(CO[N+](=O)[O-])CO[N+](=O)[O-],O=[N+]([O-])OCC(CO[N+](=O)[O-])(CO[N+](=O)[O-])CO[N+](=O)[O-],1.786423335035418,1.1591834768465044,0.9069580150840691,1.1259567908085883,-0.24440939532561912,,0.9348498795910825,mols/page_0002.png,9
30,O=[N+]([O-])OCCCN(CC([N+](=O)[O-])([N+](=O)[O-])[N+](=O)[O-])[N+](=O)[O-],O=[N+]([O-])OCCCN(CC([N+](=O)[O-])([N+](=O)[O-])[N+](=O)[O-])[N+](=O)[O-],1.8292669435287097,1.0467061215536766,0.8142538437536799,1.0797326636549711,-0.2595676421376047,,0.854599697369873,mols/page_0002.png,10
31,O=[N+]([O-])OCN(CN(CN(CN(CO[N+](=O)[O-])[N+](=O)[O-])[N+](=O)[O-])[N+](=O)[O-])[N+](=O)[O-],O=[N+]([O-])OCN(CN(CN(CN(CO[N+](=O)[O-])[N+](=O)[O-])[N+](=O)[O-])[N+](=O)[O-])[N+](=O)[O-],2.137462216552583,1.3634810694600317,1.1408885722053985,1.344318963859935,-0.016283842144739904,,1.1539363027231404,mols/page_0002.png,11
32,O=[N+]([O-])OCCN(CC([N+](=O)[O-])([N+](=O)[O-])[N+](=O)[O-])[N+](=O)[O-],O=[N+]([O-])OCCN(CC([N+](=O)[O-])([N+](=O)[O-])[N+](=O)[O-])[N+](=O)[O-],1.786423335035418,1.4766749110839839,1.3056886767709757,1.4172108394563678,0.24123981988678558,,1.2869695137634574,mols/page_0002.png,12
33,O=[N+]([O-])OCC(O[N+](=O)[O-])C(CO[N+](=O)[O-])O[N+](=O)[O-],O=[N+]([O-])OCC(O[N+](=O)[O-])C(CO[N+](=O)[O-])O[N+](=O)[O-],2.743903847312421,1.1986232211393768,1.0308891707081913,0.9736988765538592,0.13359410383582496,,0.9855690081332865,mols/page_0002.png,13
34,CN(C=O)[N+](=O)[O-],CN(C=O)[N+](=O)[O-],1.4878467081635287,-1.4161755750161038,-1.6124117090821566,-1.3977362735012435,-2.547346154863066,,-1.5835536478419008,mols/page_0002.png,14
35,COCN(CN(CN(COC)[N+](=O)[O-])[N+](=O)[O-])[N+](=O)[O-],COCN(CN(CN(COC)[N+](=O)[O-])[N+](=O)[O-])[N+](=O)[O-],1.7639038473124213,-1.2087174292116631,-1.4384232140356816,-0.8984335753628342,-2.580381067416079,,-1.337224565017103,mols/page_0002.png,15
36,CC(CCN(C(=O)OCC(COC(=O)N(CCC(C)([N+](=O)[O-])[N+](=O)[O-])[N+](=O)[O-])([N+](=O)[O-])[N+](=O)[O-])[N+](=O)[O-])([N+](=O)[O-])[N+](=O)[O-],CC(CCN(C(=O)OCC(COC(=O)N(CCC(C)([N+](=O)[O-])[N+](=O)[O-])[N+](=O)[O-])([N+](=O)[O-])[N+](=O)[O-])[N+](=O)[O-])([N+](=O)[O-])[N+](=O)[O-],2.790265751340508,-0.5033602048491513,-0.5814762775196848,-0.5644450352469476,-1.0238903084546922,,-0.5941192446103145,mols/page_0002.png,16
37,CN(CCN[N+](=O)[O-])[N+](=O)[O-],CN(CCN[N+](=O)[O-])[N+](=O)[O-],1.518091503851731,-0.9308480033337456,-1.2351299947912133,-0.5418409906211477,-2.5951964505793566,,-1.0913156923173974,mols/page_0002.png,17
38,O=C1NC2C(NC(=O)N2[N+](=O)[O-])N1[N+](=O)[O-],O=C1NC2C(NC(=O)N2[N+](=O)[O-])N1[N+](=O)[O-],2.5173084315193357,0.5581378633407399,0.7391988182076028,0.12724079014137815,1.406744792531007,,0.589592574419985,mols/page_0002.png,18
39,CN(CCN(C(=O)C(=O)N(CCN(C)[N+](=O)[O-])[N+](=O)[O-])[N+](=O)[O-])[N+](=O)[O-],CN(CCN(C(=O)C(=O)N(CCN(C)[N+](=O)[O-])[N+](=O)[O-])[N+](=O)[O-])[N+](=O)[O-],2.0036858610047386,-0.9270345991108541,-1.082229504317806,-0.755333883748943,-1.7580189324509186,,-1.0137663251664684,mols/page_0002.png,19
40,O=[N+]([O-])N=C1NCN([N+](=O)[O-])CN1,O=[N+]([O-])N=C1NCN([N+](=O)[O-])CN1,1.496437499842364,0.4975287761986634,0.3060942618807975,0.6099461128552491,-0.25514715009533406,,0.39293516343805035,mols/page_0003.png,0
41,CCC(CN(CC(CC)([N+](=O)[O-])[N+](=O)[O-])[N+](=O)[O-])([N+](=O)[O-])[N+](=O)[O-],CCC(CN(CC(CC)([N+](=O)[O-])[N+](=O)[O-])[N+](=O)[O-])([N+](=O)[O-])[N+](=O)[O-],1.9158857329053582,-0.8892729412250884,-1.112228324758412,-0.5508666671099375,-2.0349021455041334,,-0.9861209081842023,mols/page_0003.png,1
42,CN(C(=O)C(=O)N(C)[N+](=O)[O-])[N+](=O)[O-],CN(C(=O)C(=O)N(C)[N+](=O)[O-])[N+](=O)[O-],1.5963039679725397,-0.8333830792925113,-0.9763438927463265,-0.8416653122555786,-1.5121318177539353,,-0.946216755415565,mols/page_0003.png,2
43,CC(CN(CCN(CC(C)([N+](=O)[O-])[N+](=O)[O-])[N+](=O)[O-])[N+](=O)[O-])([N+](=O)[O-])[N+](=O)[O-],CC(CN(CCN(CC(C)([N+](=O)[O-])[N+](=O)[O-])[N+](=O)[O-])[N+](=O)[O-])([N+](=O)[O-])[N+](=O)[O-],2.0926028435074597,-0.2847124594677341,-0.5418581711396978,-0.08855285342298212,-1.4152703879678716,,-0.42587206430814895,mols/page_0003.png,3
44,CCOC(=O)C12N([N+](=O)[O-])C(=O)N([N+](=O)[O-])C1(C(=O)OCC)N([N+](=O)[O-])C(=O)N2[N+](=O)[O-],CCOC(=O)C12N([N+](=O)[O-])C(=O)N([N+](=O)[O-])C1(C(=O)OCC)N([N+](=O)[O-])C(=O)N2[N+](=O)[O-],2.1535676759431466,-0.45742337507557984,-0.4311790472291085,-0.7312167531509453,-0.15344766932339457,,-0.4876008506652612,mols/page_0003.png,4
45,O=C1NC2C(N([N+](=O)[O-])CN2[N+](=O)[O-])N1[N+](=O)[O-],O=C1NC2C(N([N+](=O)[O-])CN2[N+](=O)[O-])N1[N+](=O)[O-],2.559883310599151,1.1573388387922503,1.2658942514190965,0.9397379552110179,1.2295259195920438,,1.1427239497649753,mols/page_0003.png,5
46,O=[N+]([O-])NCCN(CCN(CCN[N+](=O)[O-])[N+](=O)[O-])[N+](=O)[O-],O=[N+]([O-])NCCN(CCN(CCN[N+](=O)[O-])[N+](=O)[O-])[N+](=O)[O-],1.8292669435287097,-0.6614585702827526,-0.9289009931517617,-0.3671276983706185,-1.8592824865837865,,-0.7878909707955252,mols/page_0003.png,6
47,CC(CCN(C(=O)OCC(C)([N+](=O)[O-])[N+](=O)[O-])[N+](=O)[O-])([N+](=O)[O-])[N+](=O)[O-],CC(CCN(C(=O)OCC(C)([N+](=O)[O-])[N+](=O)[O-])[N+](=O)[O-])([N+](=O)[O-])[N+](=O)[O-],2.0036858610047386,-0.6789983442177087,-0.7878062077528861,-0.6641860146631535,-1.3306577620319,,-0.7731035626710422,mols/page_0003.png,7
48,CC(CN(CCC(CCN(CC(C)([N+](=O)[O-])[N+](=O)[O-])[N+](=O)[O-])([N+](=O)[O-])[N+](=O)[O-])[N+](=O)[O-])([N+](=O)[O-])[N+](=O)[O-],CC(CN(CCC(CCN(CC(C)([N+](=O)[O-])[N+](=O)[O-])[N+](=O)[O-])([N+](=O)[O-])[N+](=O)[O-])[N+](=O)[O-])([N+](=O)[O-])[N+](=O)[O-],2.505174135090663,-0.3388307460969283,-0.5538255019384642,-0.11640321803998371,-1.3676319330059612,,-0.45060240952605624,mols/page_0003.png,8
49,COCCN(CC([N+](=O)[O-])([N+](=O)[O-])[N+](=O)[O-])[N+](=O)[O-],COCCN(CC([N+](=O)[O-])([N+](=O)[O-])[N+](=O)[O-])[N+](=O)[O-],1.721719749037849,0.16734799193890437,-0.12111063609301527,0.25961991612626967,-1.1705600302937753,,-0.029912417647098163,mols/page_0003.png,9
50,O=[N+]([O-])NCCN(CCN[N+](=O)[O-])[N+](=O)[O-],O=[N+]([O-])NCCN(CCN[N+](=O)[O-])[N+](=O)[O-],1.637308431519336,-0.42482638949333484,-0.7146485276652158,-0.15878485015736826,-1.7450378698082287,,-0.5772837941423969,mols/page_0003.png,10
51,CC(CCN(CC(CN(CCC(C)([N+](=O)[O-])[N+](=O)[O-])[N+](=O)[O-])([N+](=O)[O-])[N+](=O)[O-])[N+](=O)[O-])([N+](=O)[O-])[N+](=O)[O-],CC(CCN(CC(CN(CCC(C)([N+](=O)[O-])[N+](=O)[O-])[N+](=O)[O-])([N+](=O)[O-])[N+](=O)[O-])[N+](=O)[O-])([N+](=O)[O-])[N+](=O)[O-],2.505174135090663,-0.252407724888974,-0.46623969148779076,-0.029604295672745914,-1.3019172166789543,,-0.36580740674356005,mols/page_0003.png,11
52,CC(CCN(C(=O)C(=O)N(CCC(C)([N+](=O)[O-])[N+](=O)[O-])[N+](=O)[O-])[N+](=O)[O-])([N+](=O)[O-])[N+](=O)[O-],CC(CCN(C(=O)C(=O)N(CCC(C)([N+](=O)[O-])[N+](=O)[O-])[N+](=O)[O-])[N+](=O)[O-])([N+](=O)[O-])[N+](=O)[O-],2.2735676759431467,-0.605079266481436,-0.7342694434015054,-0.552746941746593,-1.2424879257405832,,-0.6944941042996607,mols/page_0003.png,12
53,O=[N+]([O-])N1CCN([N+](=O)[O-])C2C1N([N+](=O)[O-])CCN2[N+](=O)[O-],O=[N+]([O-])N1CCN([N+](=O)[O-])C2C1N([N+](=O)[O-])CCN2[N+](=O)[O-],1.7092669435287096,1.1279833253615608,1.0113215978492678,1.3557851015942053,0.31903803080468623,,1.0690407217103464,mols/page_0003.png,13
54,O=[N+]([O-])NCCC(CCN[N+](=O)[O-])([N+](=O)[O-])[N+](=O)[O-],O=[N+]([O-])NCCC(CCN[N+](=O)[O-])([N+](=O)[O-])[N+](=O)[O-],1.721719749037849,-0.14077805463044774,-0.4182004376893798,0.04378462799386729,-1.3185424301021975,,-0.2956405364392236,mols/page_0003.png,14
55,CCN(CC(=O)OCC([N+](=O)[O-])([N+](=O)[O-])[N+](=O)[O-])[N+](=O)[O-],CCN(CC(=O)OCC([N+](=O)[O-])([N+](=O)[O-])[N+](=O)[O-])[N+](=O)[O-],1.786423335035418,-0.2770196588598737,-0.44954943982235707,-0.296880476740389,-1.1054098144741056,,-0.41658281318017065,mols/page_0003.png,15
56,O=[N+]([O-])NCCN[N+](=O)[O-],O=[N+]([O-])NCCN[N+](=O)[O-],1.4796683620478217,0.24292080183199355,-0.12266237081303893,0.36075845142268576,-1.366931511552172,,0.0017200310977402988,mols/page_0003.png,16
57,CN(c1c([N+](=O)[O-])cc([N+](=O)[O-])cc1[N+](=O)[O-])[N+](=O)[O-],CN(c1c([N+](=O)[O-])cc([N+](=O)[O-])cc1[N+](=O)[O-])[N+](=O)[O-],1.6239038473124212,-0.37649891508641786,-0.40786341854376307,-0.23101354720250625,-0.34831177504050737,,-0.3467182101480525,mols/page_0003.png,17
58,O=[N+]([O-])N1CN([N+](=O)[O-])CN([N+](=O)[O-])CN([N+](=O)[O-])C1,O=[N+]([O-])N1CN([N+](=O)[O-])CN([N+](=O)[O-])CN([N+](=O)[O-])C1,1.6839038473124213,1.3000233206549547,1.1389586460674028,1.5010476239999628,0.14673557768558904,,1.1866312198180045,mols/page_0003.png,18
59,O=C(CN(CCN(CC(=O)OCC([N+](=O)[O-])([N+](=O)[O-])[N+](=O)[O-])[N+](=O)[O-])[N+](=O)[O-])OCC([N+](=O)[O-])([N+](=O)[O-])[N+](=O)[O-],O=C(CN(CCN(CC(=O)OCC([N+](=O)[O-])([N+](=O)[O-])[N+](=O)[O-])[N+](=O)[O-])[N+](=O)[O-])OCC([N+](=O)[O-])([N+](=O)[O-])[N+](=O)[O-],2.6467906006930217,0.4983348233211782,0.37022453837495006,0.3033377567494366,-0.13832493338931087,,0.34748649552332544,mols/page_0003.png,19
60,O=C(CCN(CCC(=O)OCC([N+](=O)[O-])([N+](=O)[O-])[N+](=O)[O-])[N+](=O)[O-])OCC([N+](=O)[O-])([N+](=O)[O-])[N+](=O)[O-],O=C(CCN(CCC(=O)OCC([N+](=O)[O-])([N+](=O)[O-])[N+](=O)[O-])[N+](=O)[O-])OCC([N+](=O)[O-])([N+](=O)[O-])[N+](=O)[O-],2.4583993249990477,0.11045724888148921,-0.012811179466118051,-0.07431041115256885,-0.38411163801774384,,-0.022172083321230798,mols/page_0004.png,0
61,CC(CN(CC(C)([N+](=O)[O-])[N+](=O)[O-])[N+](=O)[O-])([N+](=O)[O-])[N+](=O)[O-],CC(CN(CC(C)([N+](=O)[O-])[N+](=O)[O-])[N+](=O)[O-])([N+](=O)[O-])[N+](=O)[O-],1.8292669435287097,-0.0700698098276232,-0.33872082808777204,0.0857359329081497,-1.2723893094470116,,-0.2319456295836635,mols/page_0004.png,1
62,O=[N+]([O-])N1CN([N+](=O)[O-])CN([N+](=O)[O-])C1,O=[N+]([O-])N1CN([N+](=O)[O-])CN([N+](=O)[O-])C1,1.536601054988479,1.2656681153259377,1.0859530745606905,1.4508583070612575,0.04135521074216322,,1.135619860571816,mols/page_0004.png,2
63,CC(CN(CC(=O)OCC([N+](=O)[O-])([N+](=O)[O-])[N+](=O)[O-])[N+](=O)[O-])([N+](=O)[O-])[N+](=O)[O-],CC(CN(CC(=O)OCC([N+](=O)[O-])([N+](=O)[O-])[N+](=O)[O-])[N+](=O)[O-])([N+](=O)[O-])[N+](=O)[O-],2.0926028435074597,0.5173908457419565,0.3771035336261707,0.3689315337442472,-0.24498981450236046,,0.36195175808336166,mols/page_0004.png,3
64,COC(=O)C12N([N+](=O)[O-])C(=O)N([N+](=O)[O-])C1(C(=O)OC)N([N+](=O)[O-])C(=O)N2[N+](=O)[O-],COC(=O)C12N([N+](=O)[O-])C(=O)N([N+](=O)[O-])C1(C(=O)OC)N([N+](=O)[O-])C(=O)N2[N+](=O)[O-],2.0625801340811583,0.37911526880279295,0.4362253291796128,0.026966939370654346,0.6660037981668413,,0.3369000574942091,mols/page_0004.png,4
65,O=[N+]([O-])N(CC(CCN(CC([N+](=O)[O-])([N+](=O)[O-])[N+](=O)[O-])[N+](=O)[O-])([N+](=O)[O-])[N+](=O)[O-])CC(CCN(CC([N+](=O)[O-])([N+](=O)[O-])[N+](=O)[O-])[N+](=O)[O-])([N+](=O)[O-])[N+](=O)[O-],O=[N+]([O-])N(CC(CCN(CC([N+](=O)[O-])([N+](=O)[O-])[N+](=O)[O-])[N+](=O)[O-])([N+](=O)[O-])[N+](=O)[O-])CC(CCN(CC([N+](=O)[O-])([N+](=O)[O-])[N+](=O)[O-])[N+](=O)[O-])([N+](=O)[O-])[N+](=O)[O-],3.3308635222466276,1.3714472661679264,1.1743054892369829,1.5028083384251425,0.06766754675443776,,1.2147670292115986,mols/page_0004.png,5
66,CC(CCN(C(=O)OCC([N+](=O)[O-])([N+](=O)[O-])[N+](=O)[O-])[N+](=O)[O-])([N+](=O)[O-])[N+](=O)[O-],CC(CCN(C(=O)OCC([N+](=O)[O-])([N+](=O)[O-])[N+](=O)[O-])[N+](=O)[O-])([N+](=O)[O-])[N+](=O)[O-],2.0926028435074597,0.4640220415249251,0.33046780439749707,0.3209744552108117,-0.2610835892701064,,0.31568331072866523,mols/page_0004.png,6
67,O=C(NCCC([N+](=O)[O-])([N+](=O)[O-])[N+](=O)[O-])N(CCC([N+](=O)[O-])([N+](=O)[O-])[N+](=O)[O-])[N+](=O)[O-],O=C(NCCC([N+](=O)[O-])([N+](=O)[O-])[N+](=O)[O-])N(CCC([N+](=O)[O-])([N+](=O)[O-])[N+](=O)[O-])[N+](=O)[O-],2.227950530827869,1.0550949823472562,0.9145672008601918,0.9771088054317186,0.11368842000226508,,0.8992994474377533,mols/page_0004.png,7
68,Cc1c(N(C)[N+](=O)[O-])c([N+](=O)[O-])c([N+](=O)[O-])c([N+](=O)[O-])c1[N+](=O)[O-],Cc1c(N(C)[N+](=O)[O-])c([N+](=O)[O-])c([N+](=O)[O-])c([N+](=O)[O-])c1[N+](=O)[O-],1.755885732905358,0.1431406527712163,0.06429259587292571,0.2503931814541366,-0.12701165749497895,,0.11928413684583966,mols/page_0004.png,8
69,CC(CCN(CC([N+](=O)[O-])([N+](=O)[O-])[N+](=O)[O-])[N+](=O)[O-])([N+](=O)[O-])[N+](=O)[O-],CC(CCN(CC([N+](=O)[O-])([N+](=O)[O-])[N+](=O)[O-])[N+](=O)[O-])([N+](=O)[O-])[N+](=O)[O-],1.9596423657706594,0.7979408103937732,0.5949622331573989,0.8999064931473968,-0.39817027212780176,,0.6429275496591094,mols/page_0004.png,9
70,O=[N+]([O-])N1CN([N+](=O)[O-])C2C1C1C2N([N+](=O)[O-])CN1[N+](=O)[O-],O=[N+]([O-])N1CN([N+](=O)[O-])C2C1C1C2N([N+](=O)[O-])CN1[N+](=O)[O-],1.6492669435287097,1.350611026613017,1.3559651372344845,1.5937770910892453,0.8864357359733199,,1.3665912468545445,mols/page_0004.png,10
71,O=[N+]([O-])N(CCN(CCN(CC([N+](=O)[O-])([N+](=O)[O-])[N+](=O)[O-])[N+](=O)[O-])[N+](=O)[O-])CCN(CC([N+](=O)[O-])([N+](=O)[O-])[N+](=O)[O-])[N+](=O)[O-],O=[N+]([O-])N(CCN(CCN(CC([N+](=O)[O-])([N+](=O)[O-])[N+](=O)[O-])[N+](=O)[O-])[N+](=O)[O-])CCN(CC([N+](=O)[O-])([N+](=O)[O-])[N+](=O)[O-])[N+](=O)[O-],2.838487645650445,1.0056275719025527,0.7527606857956565,1.1131347417621502,-0.3026239693371392,,0.825819144411414,mols/page_0004.png,11
72,O=C(OCC([N+](=O)[O-])([N+](=O)[O-])[N+](=O)[O-])N(CCN(CCN(CCN(C(=O)OCC([N+](=O)[O-])([N+](=O)[O-])[N+](=O)[O-])[N+](=O)[O-])[N+](=O)[O-])[N+](=O)[O-])[N+](=O)[O-],O=C(OCC([N+](=O)[O-])([N+](=O)[O-])[N+](=O)[O-])N(CCN(CCN(CCN(C(=O)OCC([N+](=O)[O-])([N+](=O)[O-])[N+](=O)[O-])[N+](=O)[O-])[N+](=O)[O-])[N+](=O)[O-])[N+](=O)[O-],3.131772261510376,0.6142154886868463,0.45337809872783663,0.4651788473554553,-0.16486135528627668,,0.45079742696898334,mols/page_0004.png,12
73,CCN(C(=O)OCC([N+](=O)[O-])([N+](=O)[O-])[N+](=O)[O-])[N+](=O)[O-],CCN(C(=O)OCC([N+](=O)[O-])([N+](=O)[O-])[N+](=O)[O-])[N+](=O)[O-],1.7439038473124213,0.3028927503616339,0.1493894979377563,0.12592921014357772,-0.47032715151142523,,0.13527889939265064,mols/page_0004.png,13
74,CC(CN(CN(C(=O)OCC([N+](=O)[O-])([N+](=O)[O-])[N+](=O)[O-])[N+](=O)[O-])[N+](=O)[O-])([N+](=O)[O-])[N+](=O)[O-],CC(CN(CN(C(=O)OCC([N+](=O)[O-])([N+](=O)[O-])[N+](=O)[O-])[N+](=O)[O-])[N+](=O)[O-])([N+](=O)[O-])[N+](=O)[O-],2.2735676759431467,0.9216604018690441,0.7709464545379019,0.7059713221035658,0.16049420610302745,,0.7464073281517303,mols/page_0004.png,14
75,Cc1c([N+](=O)[O-])c(N(C)[N+](=O)[O-])c([N+](=O)[O-])c([N+](=O)[O-])c1[N+](=O)[O-],Cc1c([N+](=O)[O-])c(N(C)[N+](=O)[O-])c([N+](=O)[O-])c([N+](=O)[O-])c1[N+](=O)[O-],1.755885732905358,0.15021595529106826,0.0748206272380925,0.2732385854581592,-0.10887784401742061,,0.1324436344860994,mols/page_0004.png,15
76,NC(=O)CN(CC([N+](=O)[O-])([N+](=O)[O-])[N+](=O)[O-])[N+](=O)[O-],NC(=O)CN(CC([N+](=O)[O-])([N+](=O)[O-])[N+](=O)[O-])[N+](=O)[O-],1.701719749037849,1.0272714298219312,0.9228631362550981,0.833203985502346,0.25392332586291827,,0.8700972702760836,mols/page_0004.png,16
77,CN(C(=O)OCC([N+](=O)[O-])([N+](=O)[O-])[N+](=O)[O-])[N+](=O)[O-],CN(C(=O)OCC([N+](=O)[O-])([N+](=O)[O-])[N+](=O)[O-])[N+](=O)[O-],1.701719749037849,0.8285187500648457,0.7066488027878225,0.509582703873682,0.1818962448605914,,0.6475615038135223,mols/page_0004.png,17
78,O=C(OCC([N+](=O)[O-])([N+](=O)[O-])[N+](=O)[O-])N(CCN(CCN(C(=O)OCC([N+](=O)[O-])([N+](=O)[O-])[N+](=O)[O-])[N+](=O)[O-])[N+](=O)[O-])[N+](=O)[O-],O=C(OCC([N+](=O)[O-])([N+](=O)[O-])[N+](=O)[O-])N(CCN(CCN(C(=O)OCC([N+](=O)[O-])([N+](=O)[O-])[N+](=O)[O-])[N+](=O)[O-])[N+](=O)[O-])[N+](=O)[O-],2.838487645650445,0.8400815196059495,0.6969838400133317,0.6196009357752134,0.10472376010158276,,0.6684962938200434,mols/page_0004.png,18
79,CC(CN(CCC([N+](=O)[O-])([N+](=O)[O-])[N+](=O)[O-])[N+](=O)[O-])([N+](=O)[O-])[N+](=O)[O-],CC(CN(CCC([N+](=O)[O-])([N+](=O)[O-])[N+](=O)[O-])[N+](=O)[O-])([N+](=O)[O-])[N+](=O)[O-],1.9596423657706594,0.7879477115649349,0.5685706050167575,0.869471478565457,-0.44924715968104056,,0.6187960342260146,mols/page_0004.png,19
80,O=C(OC#COC(=O)N(CCC([N+](=O)[O-])([N+](=O)[O-])[N+](=O)[O-])[N+](=O)[O-])N(CCC([N+](=O)[O-])([N+](=O)[O-])[N+](=O)[O-])[N+](=O)[O-],O=C(OC#COC(=O)N(CCC([N+](=O)[O-])([N+](=O)[O-])[N+](=O)[O-])[N+](=O)[O-])N(CCC([N+](=O)[O-])([N+](=O)[O-])[N+](=O)[O-])[N+](=O)[O-],2.6467906006930217,0.9522949062504684,0.8592062378702653,0.7792715831414442,0.3273132898688593,,0.8186143133209904,mols/page_0005.png,0
81,CC(COC(=O)N(CCC([N+](=O)[O-])([N+](=O)[O-])[N+](=O)[O-])[N+](=O)[O-])([N+](=O)[O-])[N+](=O)[O-],CC(COC(=O)N(CCC([N+](=O)[O-])([N+](=O)[O-])[N+](=O)[O-])[N+](=O)[O-])([N+](=O)[O-])[N+](=O)[O-],2.0926028435074597,0.4962120754410272,0.36157724270996844,0.35116766262347454,-0.24752210745067504,,0.3451871041281512,mols/page_0005.png,1
82,N/C(=N/[N+](=O)[O-])NCC([N+](=O)[O-])([N+](=O)[O-])[N+](=O)[O-],N/C(=N/[N+](=O)[O-])NCC([N+](=O)[O-])([N+](=O)[O-])[N+](=O)[O-],1.6598833105991515,1.719906308081125,1.7292898960475247,1.5516014428568004,0.8035178360723906,,1.5890063209640901,mols/page_0005.png,2
83,O=C(CN(CC([N+](=O)[O-])([N+](=O)[O-])[N+](=O)[O-])[N+](=O)[O-])N(CN(C(=O)CN(CC([N+](=O)[O-])([N+](=O)[O-])[N+](=O)[O-])[N+](=O)[O-])[N+](=O)[O-])[N+](=O)[O-],O=C(CN(CC([N+](=O)[O-])([N+](=O)[O-])[N+](=O)[O-])[N+](=O)[O-])N(CN(C(=O)CN(CC([N+](=O)[O-])([N+](=O)[O-])[N+](=O)[O-])[N+](=O)[O-])[N+](=O)[O-])[N+](=O)[O-],2.8869026336239,1.4312660186070303,1.3260030499130229,1.2456544741380657,0.5695280899855739,,1.2671104490194411,mols/page_0005.png,3
84,O=[N+]([O-])NC(CCN(CC([N+](=O)[O-])([N+](=O)[O-])[N+](=O)[O-])[N+](=O)[O-])(CCN(CC([N+](=O)[O-])([N+](=O)[O-])[N+](=O)[O-])[N+](=O)[O-])N[N+](=O)[O-],O=[N+]([O-])NC(CCN(CC([N+](=O)[O-])([N+](=O)[O-])[N+](=O)[O-])[N+](=O)[O-])(CCN(CC([N+](=O)[O-])([N+](=O)[O-])[N+](=O)[O-])[N+](=O)[O-])N[N+](=O)[O-],2.790265751340508,1.327449348965862,1.134841981375829,1.39216767695825,0.06493810720811609,,1.1595955965111746,mols/page_0005.png,4
85,CN(CCN(C(=O)OCC([N+](=O)[O-])([N+](=O)[O-])[N+](=O)[O-])[N+](=O)[O-])[N+](=O)[O-],CN(CCN(C(=O)OCC([N+](=O)[O-])([N+](=O)[O-])[N+](=O)[O-])[N+](=O)[O-])[N+](=O)[O-],1.9596423657706594,0.41737343914609204,0.2516116995660594,0.29049824385188394,-0.4696414242140093,,0.24722463211252008,mols/page_0005.png,5
86,O=[N+]([O-])N1CC([N+](=O)[O-])([N+](=O)[O-])CC([N+](=O)[O-])([N+](=O)[O-])C1,O=[N+]([O-])N1CC([N+](=O)[O-])([N+](=O)[O-])CC([N+](=O)[O-])([N+](=O)[O-])C1,1.726423335035418,1.4244829670906631,1.3557012976135008,1.472338843932028,0.6182833008318473,,1.335192468831974,mols/page_0005.png,6
87,O=C(CN(CC(=O)OCC([N+](=O)[O-])([N+](=O)[O-])[N+](=O)[O-])[N+](=O)[O-])OCC([N+](=O)[O-])([N+](=O)[O-])[N+](=O)[O-],O=C(CN(CC(=O)OCC([N+](=O)[O-])([N+](=O)[O-])[N+](=O)[O-])[N+](=O)[O-])OCC([N+](=O)[O-])([N+](=O)[O-])[N+](=O)[O-],2.3655207929383306,0.749955081111899,0.6796579456774889,0.4047176514240754,0.3123093316987923,,0.5987920081183095,mols/page_0005.png,7
88,O=[N+]([O-])N1C2C3N([N+](=O)[O-])C1C1N([N+](=O)[O-])C(C(N1[N+](=O)[O-])N3[N+](=O)[O-])N2[N+](=O)[O-],O=[N+]([O-])N1C2C3N([N+](=O)[O-])C1C1N([N+](=O)[O-])C(C(N1[N+](=O)[O-])N3[N+](=O)[O-])N2[N+](=O)[O-],4.482580134081158,2.681375970981472,3.1496382343529326,2.935524324421192,2.615651405049533,,2.8788192817596467,mols/page_0005.png,8
89,O=[N+]([O-])NCN[N+](=O)[O-],O=[N+]([O-])NCN[N+](=O)[O-],1.461790468830701,1.7913365385619135,1.593071991197295,1.704604481425746,0.09785669102317454,,1.5408261753146122,mols/page_0005.png,9
90,O=C(OCC([N+](=O)[O-])([N+](=O)[O-])[N+](=O)[O-])N(CN(CN(C(=O)OCC([N+](=O)[O-])([N+](=O)[O-])[N+](=O)[O-])[N+](=O)[O-])[N+](=O)[O-])[N+](=O)[O-],O=C(OCC([N+](=O)[O-])([N+](=O)[O-])[N+](=O)[O-])N(CN(CN(C(=O)OCC([N+](=O)[O-])([N+](=O)[O-])[N+](=O)[O-])[N+](=O)[O-])[N+](=O)[O-])[N+](=O)[O-],2.7422400836961356,1.1228972151557512,1.1443210426256072,0.6383177062593589,0.8716754558964418,,0.9830573102466789,mols/page_0005.png,10
91,O=C(CCC([N+](=O)[O-])([N+](=O)[O-])[N+](=O)[O-])N(CN(C(=O)CCC([N+](=O)[O-])([N+](=O)[O-])[N+](=O)[O-])[N+](=O)[O-])[N+](=O)[O-],O=C(CCC([N+](=O)[O-])([N+](=O)[O-])[N+](=O)[O-])N(CN(C(=O)CCC([N+](=O)[O-])([N+](=O)[O-])[N+](=O)[O-])[N+](=O)[O-])[N+](=O)[O-],2.505174135090663,0.9393714411770102,0.8055343595241191,0.8443150249306225,0.10208003646743809,,0.7917270721485886,mols/page_0005.png,11
92,O=C(CN(CC([N+](=O)[O-])([N+](=O)[O-])[N+](=O)[O-])[N+](=O)[O-])N1CN(C(=O)CN(CC([N+](=O)[O-])([N+](=O)[O-])[N+](=O)[O-])[N+](=O)[O-])CN(C(=O)CN(CC([N+](=O)[O-])([N+](=O)[O-])[N+](=O)[O-])[N+](=O)[O-])C1,O=C(CN(CC([N+](=O)[O-])([N+](=O)[O-])[N+](=O)[O-])[N+](=O)[O-])N1CN(C(=O)CN(CC([N+](=O)[O-])([N+](=O)[O-])[N+](=O)[O-])[N+](=O)[O-])CN(C(=O)CN(CC([N+](=O)[O-])([N+](=O)[O-])[N+](=O)[O-])[N+](=O)[O-])C1,3.5744805547995004,0.722910864595867,0.5805896816007532,0.6489469225132983,0.06510831451943898,,0.5959432691690478,mols/page_0005.png,12
93,O=[N+]([O-])N(CCN(CC([N+](=O)[O-])([N+](=O)[O-])[N+](=O)[O-])[N+](=O)[O-])CCN(CC([N+](=O)[O-])([N+](=O)[O-])[N+](=O)[O-])[N+](=O)[O-],O=[N+]([O-])N(CCN(CC([N+](=O)[O-])([N+](=O)[O-])[N+](=O)[O-])[N+](=O)[O-])CCN(CC([N+](=O)[O-])([N+](=O)[O-])[N+](=O)[O-])[N+](=O)[O-],2.552166943381353,1.2902281983123483,1.1067567967334244,1.3645474769431158,0.029514169731427245,,1.127695194638271,mols/page_0005.png,13
94,O=C(OCC([N+](=O)[O-])([N+](=O)[O-])[N+](=O)[O-])N(CCC(CCN(C(=O)OCC([N+](=O)[O-])([N+](=O)[O-])[N+](=O)[O-])[N+](=O)[O-])([N+](=O)[O-])[N+](=O)[O-])[N+](=O)[O-],O=C(OCC([N+](=O)[O-])([N+](=O)[O-])[N+](=O)[O-])N(CCC(CCN(C(=O)OCC([N+](=O)[O-])([N+](=O)[O-])[N+](=O)[O-])[N+](=O)[O-])([N+](=O)[O-])[N+](=O)[O-])[N+](=O)[O-],2.9842999454801133,0.8515908669206099,0.7293824510985523,0.6420003398892362,0.17435936715417155,,0.6948075604395054,mols/page_0005.png,14
95,O=C1N([N+](=O)[O-])C2C(C3C2N([N+](=O)[O-])C(=O)N3[N+](=O)[O-])N1[N+](=O)[O-],O=C1N([N+](=O)[O-])C2C(C3C2N([N+](=O)[O-])C(=O)N3[N+](=O)[O-])N1[N+](=O)[O-],1.735885732905358,1.3783104510239588,1.6476650722878934,1.2836070049381938,1.7216381145825936,,1.4697737422375614,mols/page_0005.png,15
96,O=[N+]([O-])N(CCC([N+](=O)[O-])([N+](=O)[O-])[N+](=O)[O-])CC(CN(CCC([N+](=O)[O-])([N+](=O)[O-])[N+](=O)[O-])[N+](=O)[O-])([N+](=O)[O-])[N+](=O)[O-],O=[N+]([O-])N(CCC([N+](=O)[O-])([N+](=O)[O-])[N+](=O)[O-])CC(CN(CCC([N+](=O)[O-])([N+](=O)[O-])[N+](=O)[O-])[N+](=O)[O-])([N+](=O)[O-])[N+](=O)[O-],2.694413902116181,1.330250873370236,1.1520401083407352,1.4159171711007361,0.10401109351748261,,1.1755802403087354,mols/page_0005.png,16
97,O=C(OCC([N+](=O)[O-])([N+](=O)[O-])[N+](=O)[O-])N(CCN(CN(C(=O)OCC([N+](=O)[O-])([N+](=O)[O-])[N+](=O)[O-])[N+](=O)[O-])[N+](=O)[O-])[N+](=O)[O-],O=C(OCC([N+](=O)[O-])([N+](=O)[O-])[N+](=O)[O-])N(CCN(CN(C(=O)OCC([N+](=O)[O-])([N+](=O)[O-])[N+](=O)[O-])[N+](=O)[O-])[N+](=O)[O-])[N+](=O)[O-],2.790265751340508,1.094622716189565,0.9902342321130547,0.8045552094356762,0.4389619390184855,,0.9252232165610317,mols/page_0005.png,17
98,N#CCN(CC([N+](=O)[O-])([N+](=O)[O-])[N+](=O)[O-])[N+](=O)[O-],N#CCN(CC([N+](=O)[O-])([N+](=O)[O-])[N+](=O)[O-])[N+](=O)[O-],1.6798833105991515,1.1238635289575964,0.9337418890534855,1.2295120544246114,-0.07816093463227976,,0.9730367219941293,mols/page_0005.png,18
99,CC12N([N+](=O)[O-])C(=O)N([N+](=O)[O-])C1(C)N([N+](=O)[O-])C(=O)N2[N+](=O)[O-],CC12N([N+](=O)[O-])C(=O)N([N+](=O)[O-])C1(C)N([N+](=O)[O-])C(=O)N2[N+](=O)[O-],1.7958857329053581,0.9018109022613847,0.926070097265604,0.8588315153262164,0.6509386143452193,,0.8732565852372418,mols/page_0005.png,19
100,CN(CCN(CC([N+](=O)[O-])([N+](=O)[O-])[N+](=O)[O-])[N+](=O)[O-])[N+](=O)[O-],CN(CCN(CC([N+](=O)[O-])([N+](=O)[O-])[N+](=O)[O-])[N+](=O)[O-])[N+](=O)[O-],1.8292669435287097,0.7737421130568333,0.5039867543557804,0.9406138345130656,-0.6730269161145462,,0.5898565328934375,mols/page_0006.png,0
101,O=[N+]([O-])N(CCC(CCN(CC([N+](=O)[O-])([N+](=O)[O-])[N+](=O)[O-])[N+](=O)[O-])([N+](=O)[O-])[N+](=O)[O-])CC([N+](=O)[O-])([N+](=O)[O-])[N+](=O)[O-],O=[N+]([O-])N(CCC(CCN(CC([N+](=O)[O-])([N+](=O)[O-])[N+](=O)[O-])[N+](=O)[O-])([N+](=O)[O-])[N+](=O)[O-])CC([N+](=O)[O-])([N+](=O)[O-])[N+](=O)[O-],2.694413902116181,1.2820750238119014,1.1195680310172262,1.3675275264089273,0.0960701265107998,,1.136085561892645,mols/page_0006.png,1
102,O=C(OCC([N+](=O)[O-])([N+](=O)[O-])[N+](=O)[O-])N(CN(C(=O)OCC([N+](=O)[O-])([N+](=O)[O-])[N+](=O)[O-])[N+](=O)[O-])[N+](=O)[O-],O=C(OCC([N+](=O)[O-])([N+](=O)[O-])[N+](=O)[O-])N(CN(C(=O)OCC([N+](=O)[O-])([N+](=O)[O-])[N+](=O)[O-])[N+](=O)[O-])[N+](=O)[O-],2.505174135090663,1.0918416179305959,1.1384335221728539,0.4884133817855921,1.019692142069735,,0.9477471825809362,mols/page_0006.png,2
103,CN(CC([N+](=O)[O-])([N+](=O)[O-])[N+](=O)[O-])[N+](=O)[O-],CN(CC([N+](=O)[O-])([N+](=O)[O-])[N+](=O)[O-])[N+](=O)[O-],1.617308431519336,1.428698609253835,1.2092045077714304,1.5200272478329335,-0.06357575991884892,,1.2364551015366199,mols/page_0006.png,3
104,CC(=O)ON([C@@H](CC([N+](=O)[O-])([N+](=O)[O-])[N+](=O)[O-])C([N+](=O)[O-])([N+](=O)[O-])[N+](=O)[O-])[N+](=O)[O-],CC(=O)ON([C@@H](CC([N+](=O)[O-])([N+](=O)[O-])[N+](=O)[O-])C([N+](=O)[O-])([N+](=O)[O-])[N+](=O)[O-])[N+](=O)[O-],2.6825801340811584,1.4184462555025505,1.3525748300466849,1.2555564777199575,0.6428421341835868,,1.2804019712882462,mols/page_0006.png,4
105,O=C(OCC([N+](=O)[O-])([N+](=O)[O-])[N+](=O)[O-])N(CCC([N+](=O)[O-])([N+](=O)[O-])[N+](=O)[O-])[N+](=O)[O-],O=C(OCC([N+](=O)[O-])([N+](=O)[O-])[N+](=O)[O-])N(CCC([N+](=O)[O-])([N+](=O)[O-])[N+](=O)[O-])[N+](=O)[O-],2.1825801340811584,1.2069429472869708,1.1685003787384833,0.8140309159339537,0.7394574368503996,,1.0504336178405131,mols/page_0006.png,5
106,O=C(C(=O)N(CCC([N+](=O)[O-])([N+](=O)[O-])[N+](=O)[O-])[N+](=O)[O-])N(CCC([N+](=O)[O-])([N+](=O)[O-])[N+](=O)[O-])[N+](=O)[O-],O=C(C(=O)N(CCC([N+](=O)[O-])([N+](=O)[O-])[N+](=O)[O-])[N+](=O)[O-])N(CCC([N+](=O)[O-])([N+](=O)[O-])[N+](=O)[O-])[N+](=O)[O-],2.4583993249990477,1.1855834841613062,1.0870244039659929,1.0371477343989723,0.4161639554054677,,1.0419648697865451,mols/page_0006.png,6
107,O=[N+]([O-])N1C(C([N+](=O)[O-])([N+](=O)[O-])[N+](=O)[O-])CCC1C([N+](=O)[O-])([N+](=O)[O-])[N+](=O)[O-],O=[N+]([O-])N1C(C([N+](=O)[O-])([N+](=O)[O-])[N+](=O)[O-])CCC1C([N+](=O)[O-])([N+](=O)[O-])[N+](=O)[O-],3.0326028435074597,1.4572747866752314,1.5059991667409316,1.3830842354234663,1.0490988225115987,,1.4125268664656367,mols/page_0006.png,7
108,O=[N+]([O-])N(CCC([N+](=O)[O-])([N+](=O)[O-])[N+](=O)[O-])CC([N+](=O)[O-])([N+](=O)[O-])[N+](=O)[O-],O=[N+]([O-])N(CCC([N+](=O)[O-])([N+](=O)[O-])[N+](=O)[O-])CC([N+](=O)[O-])([N+](=O)[O-])[N+](=O)[O-],2.0480084467297126,1.5648074435381294,1.5063160298208542,1.4672017849580552,0.6092096592713971,,1.427298826351255,mols/page_0006.png,8
109,O=[N+]([O-])N(CN(CC([N+](=O)[O-])([N+](=O)[O-])[N+](=O)[O-])[N+](=O)[O-])CC([N+](=O)[O-])([N+](=O)[O-])[N+](=O)[O-],O=[N+]([O-])N(CN(CC([N+](=O)[O-])([N+](=O)[O-])[N+](=O)[O-])[N+](=O)[O-])CC([N+](=O)[O-])([N+](=O)[O-])[N+](=O)[O-],2.227950530827869,1.4907233853966635,1.5029819402762665,1.1729681346355183,0.9581738319003072,,1.3617071838206223,mols/page_0006.png,9
110,O=[N+]([O-])N(CC([N+](=O)[O-])([N+](=O)[O-])[N+](=O)[O-])CC([N+](=O)[O-])([N+](=O)[O-])[N+](=O)[O-],O=[N+]([O-])N(CC([N+](=O)[O-])([N+](=O)[O-])[N+](=O)[O-])CC([N+](=O)[O-])([N+](=O)[O-])[N+](=O)[O-],2.0036858610047386,1.5071098677372223,1.5850993072508581,1.0531370095718844,1.2251348158625195,,1.3888159798625082,mols/page_0006.png,10
111,C[N+](=O)[O-],C[N+](=O)[O-],1.482440063862291,-0.8154701353934278,-1.3334179196499545,-0.6663345161412848,-3.177718116195105,,-1.1697953639375176,mols/page_0006.png,11
112,CC(COC(=O)OCC(C)([N+](=O)[O-])[N+](=O)[O-])([N+](=O)[O-])[N+](=O)[O-],CC(COC(=O)OCC(C)([N+](=O)[O-])[N+](=O)[O-])([N+](=O)[O-])[N+](=O)[O-],1.8292669435287097,-1.041543570250488,-1.09906509136768,-1.100782292524341,-1.426529785288835,,-1.1121083286579436,mols/page_0006.png,12
113,CC(C)(COC(=O)CCC([N+](=O)[O-])([N+](=O)[O-])[N+](=O)[O-])[N+](=O)[O-],CC(C)(COC(=O)CCC([N+](=O)[O-])([N+](=O)[O-])[N+](=O)[O-])[N+](=O)[O-],1.8492669435287097,-1.3193265778209236,-1.410617839935628,-1.174681250201707,-2.024672563642325,,-1.3810872231326707,mols/page_0006.png,13
114,O=[N+]([O-])C12CC3([N+](=O)[O-])CC([N+](=O)[O-])(C1)CC([N+](=O)[O-])(C2)C3,O=[N+]([O-])C12CC3([N+](=O)[O-])CC([N+](=O)[O-])(C1)CC([N+](=O)[O-])(C2)C3,3.3492669435287103,-0.2690613183617502,-0.5128294244629272,-0.007133692781102582,-1.1866489070093968,,-0.36846860266170606,mols/page_0006.png,14
115,CC(COC(=O)C(=O)OCC(C)([N+](=O)[O-])[N+](=O)[O-])([N+](=O)[O-])[N+](=O)[O-],CC(COC(=O)C(=O)OCC(C)([N+](=O)[O-])[N+](=O)[O-])([N+](=O)[O-])[N+](=O)[O-],1.9158857329053582,-1.1900039375369047,-1.205962939935404,-1.3439807486067574,-1.2807478353972994,,-1.242360230809957,mols/page_0006.png,15
116,CC(COC(=O)c1c([N+](=O)[O-])cc([N+](=O)[O-])cc1[N+](=O)[O-])([N+](=O)[O-])[N+](=O)[O-],CC(COC(=O)c1c([N+](=O)[O-])cc([N+](=O)[O-])cc1[N+](=O)[O-])([N+](=O)[O-])[N+](=O)[O-],1.8880084467297122,-0.8196787069678058,-0.7872216720308517,-0.8898919610036525,-0.46575237082723603,,-0.7921022763816243,mols/page_0006.png,16
117,CC(COC(=O)CCC([N+](=O)[O-])([N+](=O)[O-])[N+](=O)[O-])([N+](=O)[O-])[N+](=O)[O-],CC(COC(=O)CCC([N+](=O)[O-])([N+](=O)[O-])[N+](=O)[O-])([N+](=O)[O-])[N+](=O)[O-],1.9158857329053582,-0.26086964843342497,-0.38459314727510013,-0.37072166937176093,-0.777401957859439,,-0.3771029342631129,mols/page_0006.png,17
118,CCC(CCC(=O)OCC([N+](=O)[O-])([N+](=O)[O-])[N+](=O)[O-])([N+](=O)[O-])[N+](=O)[O-],CCC(CCC(=O)OCC([N+](=O)[O-])([N+](=O)[O-])[N+](=O)[O-])([N+](=O)[O-])[N+](=O)[O-],1.9596423657706594,-0.559747364860239,-0.6923630234080459,-0.5786198610681741,-1.1528437757598222,,-0.6635598275665231,mols/page_0006.png,18
119,CC(=O)CCC([N+](=O)[O-])([N+](=O)[O-])[N+](=O)[O-],CC(=O)CCC([N+](=O)[O-])([N+](=O)[O-])[N+](=O)[O-],1.636601054988479,-0.7600579310149336,-0.9296062690393311,-0.6605924914530653,-1.537807406990038,,-0.8638310201292961,mols/page_0006.png,19
120,O=C(CCC([N+](=O)[O-])([N+](=O)[O-])[N+](=O)[O-])OCCOC(=O)CCC([N+](=O)[O-])([N+](=O)[O-])[N+](=O)[O-],O=C(CCC([N+](=O)[O-])([N+](=O)[O-])[N+](=O)[O-])OCCOC(=O)CCC([N+](=O)[O-])([N+](=O)[O-])[N+](=O)[O-],2.2735676759431467,-0.48980038678423404,-0.5764518256576072,-0.6240500546826653,-0.7826404246064844,,-0.5786422392030788,mols/page_0007.png,0
121,O=C(CCC([N+](=O)[O-])([N+](=O)[O-])[N+](=O)[O-])NCNC(=O)CCC([N+](=O)[O-])([N+](=O)[O-])[N+](=O)[O-],O=C(CCC([N+](=O)[O-])([N+](=O)[O-])[N+](=O)[O-])NCNC(=O)CCC([N+](=O)[O-])([N+](=O)[O-])[N+](=O)[O-],2.227950530827869,-0.3235826285522018,-0.4022493202648137,-0.37059360113025497,-0.6461611002122145,,-0.39119322637649995,mols/page_0007.png,1
122,CC(C)NC(=O)C([N+](=O)[O-])([N+](=O)[O-])[N+](=O)[O-],CC(C)NC(=O)C([N+](=O)[O-])([N+](=O)[O-])[N+](=O)[O-],1.657308431519336,-0.7680461251101873,-0.9389131637567724,-0.6710063202099266,-1.5856221918284268,,-0.8768038921509216,mols/page_0007.png,2
123,O=[N+]([O-])C(CO)(CO)[N+](=O)[O-],O=[N+]([O-])C(CO)(CO)[N+](=O)[O-],1.518091503851731,-0.21838012350741184,-0.30645733099731687,-0.4738434712473023,-0.3334547584341723,,-0.320176586182032,mols/page_0007.png,3
124,CC(C)(C)NC(=O)C([N+](=O)[O-])([N+](=O)[O-])[N+](=O)[O-],CC(C)(C)NC(=O)C([N+](=O)[O-])([N+](=O)[O-])[N+](=O)[O-],1.698407953408093,-1.3651644193513792,-1.4938617957034521,-1.0555021089130123,-2.2819892829715944,,-1.418040541009431,mols/page_0007.png,4
125,O=[N+]([O-])c1cccc(C([N+](=O)[O-])[N+](=O)[O-])c1,O=[N+]([O-])c1cccc(C([N+](=O)[O-])[N+](=O)[O-])c1,1.537308431519336,-1.5864047139572592,-1.4713220343781186,-1.3620097120316261,-1.253664056175432,,-1.462507093823926,mols/page_0007.png,5
126,CCC(CNC(=O)CCC([N+](=O)[O-])([N+](=O)[O-])[N+](=O)[O-])([N+](=O)[O-])[N+](=O)[O-],CCC(CNC(=O)CCC([N+](=O)[O-])([N+](=O)[O-])[N+](=O)[O-])([N+](=O)[O-])[N+](=O)[O-],1.9596423657706594,-0.7040415841050418,-0.8414126053214273,-0.6018740983046964,-1.3613146702785168,,-0.7854383276372185,mols/page_0007.png,6
127,CCOC(=O)OCC([N+](=O)[O-])([N+](=O)[O-])[N+](=O)[O-],CCOC(=O)OCC([N+](=O)[O-])([N+](=O)[O-])[N+](=O)[O-],1.678407953408093,-0.6697916519869574,-0.7500953488025537,-0.8613954338954164,-1.026399335655416,,-0.7774444748755969,mols/page_0007.png,7
128,CCC([N+](=O)[O-])([N+](=O)[O-])C(CC)([N+](=O)[O-])[N+](=O)[O-],CCC([N+](=O)[O-])([N+](=O)[O-])C(CC)([N+](=O)[O-])[N+](=O)[O-],1.7198833105991516,-0.693287218549384,-0.9543538505344472,-0.3122092601083317,-1.9600023569308462,,-0.8030092323727861,mols/page_0007.png,8
129,O=C(OCC([N+](=O)[O-])([N+](=O)[O-])[N+](=O)[O-])c1cc([N+](=O)[O-])cc([N+](=O)[O-])c1,O=C(OCC([N+](=O)[O-])([N+](=O)[O-])[N+](=O)[O-])c1cc([N+](=O)[O-])cc([N+](=O)[O-])c1,1.8436858610047382,-0.26978801776557687,-0.24775748718639248,-0.41306389587637443,0.08868753744629854,,-0.26315027259833335,mols/page_0007.png,9
130,CC(CNC(=O)CCC([N+](=O)[O-])([N+](=O)[O-])[N+](=O)[O-])([N+](=O)[O-])[N+](=O)[O-],CC(CNC(=O)CCC([N+](=O)[O-])([N+](=O)[O-])[N+](=O)[O-])([N+](=O)[O-])[N+](=O)[O-],1.9158857329053582,-0.3302525506478651,-0.4723121552099748,-0.3189023929957073,-0.9795274258509742,,-0.4349603801237695,mols/page_0007.png,10
131,CC(CN(CC(C)([N+](=O)[O-])[N+](=O)[O-])C(=O)CCC([N+](=O)[O-])([N+](=O)[O-])[N+](=O)[O-])([N+](=O)[O-])[N+](=O)[O-],CC(CN(CC(C)([N+](=O)[O-])[N+](=O)[O-])C(=O)CCC([N+](=O)[O-])([N+](=O)[O-])[N+](=O)[O-])([N+](=O)[O-])[N+](=O)[O-],2.319426144623208,-0.2664452005079741,-0.4429400337238124,-0.22779885522428525,-1.0021356099441716,,-0.38330110509542314,mols/page_0007.png,11
132,CC(CCC(=O)OCC([N+](=O)[O-])([N+](=O)[O-])[N+](=O)[O-])([N+](=O)[O-])[N+](=O)[O-],CC(CCC(=O)OCC([N+](=O)[O-])([N+](=O)[O-])[N+](=O)[O-])([N+](=O)[O-])[N+](=O)[O-],1.9158857329053582,-0.18482389471211563,-0.32643791188279253,-0.29252391757391566,-0.7344386936502681,,-0.309194585472584,mols/page_0007.png,12
133,O=C(CCC(CCC(=O)OCC([N+](=O)[O-])([N+](=O)[O-])[N+](=O)[O-])([N+](=O)[O-])[N+](=O)[O-])OCC([N+](=O)[O-])([N+](=O)[O-])[N+](=O)[O-],O=C(CCC(CCC(=O)OCC([N+](=O)[O-])([N+](=O)[O-])[N+](=O)[O-])([N+](=O)[O-])[N+](=O)[O-])OCC([N+](=O)[O-])([N+](=O)[O-])[N+](=O)[O-],2.5993737172742675,0.129638185037628,0.024720485746475954,-0.060647858297366096,-0.27593203428522367,,0.010034342484248691,mols/page_0007.png,13
134,O=[N+]([O-])C1([N+](=O)[O-])COC2(OC1)OCC([N+](=O)[O-])([N+](=O)[O-])CO2,O=[N+]([O-])C1([N+](=O)[O-])COC2(OC1)OCC([N+](=O)[O-])([N+](=O)[O-])CO2,2.0724242818454757,0.2820195866208003,0.2733002107825286,-0.08627270137491118,0.5650475968047795,,0.21563350288878882,mols/page_0007.png,14
135,O=[N+]([O-])C(F)(COCOCC(F)([N+](=O)[O-])[N+](=O)[O-])[N+](=O)[O-],O=[N+]([O-])C(F)(COCOCC(F)([N+](=O)[O-])[N+](=O)[O-])[N+](=O)[O-],1.786423335035418,0.7697731558804739,0.6844824416040508,0.4158972028836471,0.32140011644167793,,0.6108796494044606,mols/page_0007.png,15
136,CC(CC(CC(C)([N+](=O)[O-])[N+](=O)[O-])[N+](=O)[O-])([N+](=O)[O-])[N+](=O)[O-],CC(CC(CC(C)([N+](=O)[O-])[N+](=O)[O-])[N+](=O)[O-])([N+](=O)[O-])[N+](=O)[O-],1.8292669435287097,-0.5686916596846355,-0.8165391729659387,-0.3448774086776497,-1.6322320558442132,,-0.6934463905332378,mols/page_0007.png,16
137,O=C(CCC([N+](=O)[O-])([N+](=O)[O-])[N+](=O)[O-])OCC(COC(=O)CCC([N+](=O)[O-])([N+](=O)[O-])[N+](=O)[O-])([N+](=O)[O-])[N+](=O)[O-],O=C(CCC([N+](=O)[O-])([N+](=O)[O-])[N+](=O)[O-])OCC(COC(=O)CCC([N+](=O)[O-])([N+](=O)[O-])[N+](=O)[O-])([N+](=O)[O-])[N+](=O)[O-],2.5993737172742675,0.09296382658418252,0.003289425782443767,-0.08996294745271019,-0.30363296807476553,,-0.01932986663145709,mols/page_0007.png,17
138,O=C(NCCC([N+](=O)[O-])([N+](=O)[O-])[N+](=O)[O-])C(=O)NCCC([N+](=O)[O-])([N+](=O)[O-])[N+](=O)[O-],O=C(NCCC([N+](=O)[O-])([N+](=O)[O-])[N+](=O)[O-])C(=O)NCCC([N+](=O)[O-])([N+](=O)[O-])[N+](=O)[O-],2.1825801340811584,0.17504236378871899,0.08392724660159084,0.03592365603709483,-0.31581319919511613,,0.06384259539629099,mols/page_0007.png,18
139,O=C(OCC([N+](=O)[O-])([N+](=O)[O-])[N+](=O)[O-])c1cc([N+](=O)[O-])cc([N+](=O)[O-])c1O,O=C(OCC([N+](=O)[O-])([N+](=O)[O-])[N+](=O)[O-])c1cc([N+](=O)[O-])cc([N+](=O)[O-])c1O,1.8880084467297122,-0.16821508163503474,-0.007919605669814521,-0.3998500296574967,0.6400159581078083,,-0.09721207187679985,mols/page_0007.png,19
140,NC(=O)CCC([N+](=O)[O-])([N+](=O)[O-])[N+](=O)[O-],NC(=O)CCC([N+](=O)[O-])([N+](=O)[O-])[N+](=O)[O-],1.616601054988479,0.08492063902053112,-0.06276502731801233,-0.06464663241152035,-0.46050165894987966,,-0.051319108536085865,mols/page_0008.png,0
141,O=C(CCC([N+](=O)[O-])([N+](=O)[O-])[N+](=O)[O-])CCC([N+](=O)[O-])([N+](=O)[O-])[N+](=O)[O-],O=C(CCC([N+](=O)[O-])([N+](=O)[O-])[N+](=O)[O-])CCC([N+](=O)[O-])([N+](=O)[O-])[N+](=O)[O-],2.0036858610047386,0.5556144487622627,0.4513050731343921,0.5809185055567121,-0.1972105405418737,,0.4553651513421002,mols/page_0008.png,1
142,C[C@@H](CC([N+](=O)[O-])([N+](=O)[O-])[N+](=O)[O-])[N+](=O)[O-],C[C@@H](CC([N+](=O)[O-])([N+](=O)[O-])[N+](=O)[O-])[N+](=O)[O-],2.137308431519336,0.6724095769452868,0.3754336140880308,0.763542922362086,-0.7053344679270859,,0.46832571995507255,mols/page_0008.png,2
143,O=C(CCC(CC(CC(CCC(=O)OCC([N+](=O)[O-])([N+](=O)[O-])[N+](=O)[O-])([N+](=O)[O-])[N+](=O)[O-])([N+](=O)[O-])[N+](=O)[O-])([N+](=O)[O-])[N+](=O)[O-])OCC([N+](=O)[O-])([N+](=O)[O-])[N+](=O)[O-],O=C(CCC(CC(CC(CCC(=O)OCC([N+](=O)[O-])([N+](=O)[O-])[N+](=O)[O-])([N+](=O)[O-])[N+](=O)[O-])([N+](=O)[O-])[N+](=O)[O-])([N+](=O)[O-])[N+](=O)[O-])OCC([N+](=O)[O-])([N+](=O)[O-])[N+](=O)[O-],3.381060192991936,0.46057473667736676,0.378573497228795,0.3102883694929867,-0.08565005633048671,,0.34378029374591484,mols/page_0008.png,3
144,O=[N+]([O-])c1ccc(CC([N+](=O)[O-])([N+](=O)[O-])[N+](=O)[O-])c([N+](=O)[O-])c1,O=[N+]([O-])c1ccc(CC([N+](=O)[O-])([N+](=O)[O-])[N+](=O)[O-])c([N+](=O)[O-])c1,1.7124242818454756,0.0363299815862823,-0.013932976982940435,0.053699169725277086,-0.009632287359805276,,0.020997164155655418,mols/page_0008.png,4
145,O=[N+]([O-])c1ccc(CCC([N+](=O)[O-])([N+](=O)[O-])[N+](=O)[O-])c([N+](=O)[O-])c1,O=[N+]([O-])c1ccc(CCC([N+](=O)[O-])([N+](=O)[O-])[N+](=O)[O-])c([N+](=O)[O-])c1,1.755885732905358,-0.5795740814595622,-0.6092899564988493,-0.3960151470691857,-0.6076195525583453,,-0.5454036574836325,mols/page_0008.png,5
146,O=C(CCC(=O)OCC([N+](=O)[O-])([N+](=O)[O-])[N+](=O)[O-])OCC([N+](=O)[O-])([N+](=O)[O-])[N+](=O)[O-],O=C(CCC(=O)OCC([N+](=O)[O-])([N+](=O)[O-])[N+](=O)[O-])OCC([N+](=O)[O-])([N+](=O)[O-])[N+](=O)[O-],2.1825801340811584,0.3055088682154099,0.229066508127461,-0.0023785995763764807,0.030714192501905144,,0.17812482566972818,mols/page_0008.png,6
147,O=C(CCC([N+](=O)[O-])([N+](=O)[O-])[N+](=O)[O-])OC(=O)CCC([N+](=O)[O-])([N+](=O)[O-])[N+](=O)[O-],O=C(CCC([N+](=O)[O-])([N+](=O)[O-])[N+](=O)[O-])OC(=O)CCC([N+](=O)[O-])([N+](=O)[O-])[N+](=O)[O-],2.137462216552583,0.2680418181960605,0.16575394280730196,0.055280319937715906,-0.1147383633842647,,0.14588706285681424,mols/page_0008.png,7
148,O=[N+]([O-])C1([N+](=O)[O-])CN(CCC([N+](=O)[O-])([N+](=O)[O-])[N+](=O)[O-])CC([N+](=O)[O-])([N+](=O)[O-])C1,O=[N+]([O-])C1([N+](=O)[O-])CN(CCC([N+](=O)[O-])([N+](=O)[O-])[N+](=O)[O-])CC([N+](=O)[O-])([N+](=O)[O-])C1,2.1225801340811583,1.1891800569945155,1.0514897427611363,1.3436123495763812,0.24157411194427583,,1.0917204413649442,mols/page_0008.png,8
149,CC(CC(CC(C)([N+](=O)[O-])[N+](=O)[O-])([N+](=O)[O-])[N+](=O)[O-])([N+](=O)[O-])[N+](=O)[O-],CC(CC(CC(C)([N+](=O)[O-])[N+](=O)[O-])([N+](=O)[O-])[N+](=O)[O-])([N+](=O)[O-])[N+](=O)[O-],1.9596423657706594,0.19265598609552348,-0.050239991945108184,0.34502083482224327,-0.9033761849599028,,0.04827518775947129,mols/page_0008.png,9
150,COC(=O)OCC([N+](=O)[O-])([N+](=O)[O-])[N+](=O)[O-],COC(=O)OCC([N+](=O)[O-])([N+](=O)[O-])[N+](=O)[O-],1.637308431519336,0.087792869312845,-0.04797084343727612,-0.33475822643446296,-0.2783810603474235,,-0.09519141141504517,mols/page_0008.png,10
151,O=C(NCNC(=O)OCC([N+](=O)[O-])([N+](=O)[O-])[N+](=O)[O-])OCC([N+](=O)[O-])([N+](=O)[O-])[N+](=O)[O-],O=C(NCNC(=O)OCC([N+](=O)[O-])([N+](=O)[O-])[N+](=O)[O-])OCC([N+](=O)[O-])([N+](=O)[O-])[N+](=O)[O-],2.227950530827869,0.6054542435501163,0.580827328910695,0.1911163928611596,0.4159361959816831,,0.4755299017292074,mols/page_0008.png,11
152,O=C(NCC([N+](=O)[O-])([N+](=O)[O-])[N+](=O)[O-])NC(=O)NCC([N+](=O)[O-])([N+](=O)[O-])[N+](=O)[O-],O=C(NCC([N+](=O)[O-])([N+](=O)[O-])[N+](=O)[O-])NC(=O)NCC([N+](=O)[O-])([N+](=O)[O-])[N+](=O)[O-],2.137462216552583,1.139777067469935,1.116343821411644,0.8000920759982992,0.6697324403465404,,1.0008213830721993,mols/page_0008.png,12
153,O=C(OC([N+](=O)[O-])([N+](=O)[O-])[N+](=O)[O-])c1c([N+](=O)[O-])cc([N+](=O)[O-])cc1[N+](=O)[O-],O=C(OC([N+](=O)[O-])([N+](=O)[O-])[N+](=O)[O-])c1c([N+](=O)[O-])cc([N+](=O)[O-])cc1[N+](=O)[O-],1.9326028435074594,0.758230812484775,0.8740770821735634,0.5117979262188915,1.0716408829011168,,0.7627174788665747,mols/page_0008.png,13
154,O=C(OCC([N+](=O)[O-])([N+](=O)[O-])[N+](=O)[O-])c1c([N+](=O)[O-])cc([N+](=O)[O-])cc1[N+](=O)[O-],O=C(OCC([N+](=O)[O-])([N+](=O)[O-])[N+](=O)[O-])c1c([N+](=O)[O-])cc([N+](=O)[O-])cc1[N+](=O)[O-],1.9774622165525828,0.30879590638363785,0.38971864499558506,0.08581474413369182,0.6803844792040785,,0.3144862946867796,mols/page_0008.png,14
155,O=C(NCCC([N+](=O)[O-])([N+](=O)[O-])[N+](=O)[O-])NCCC([N+](=O)[O-])([N+](=O)[O-])[N+](=O)[O-],O=C(NCCC([N+](=O)[O-])([N+](=O)[O-])[N+](=O)[O-])NCCC([N+](=O)[O-])([N+](=O)[O-])[N+](=O)[O-],2.0926028435074597,0.4723857624472374,0.3285634317336887,0.3602430439192824,-0.2903518997394561,,0.3249296173825147,mols/page_0008.png,15
156,O=[N+]([O-])c1cc([N+](=O)[O-])c(CCC([N+](=O)[O-])([N+](=O)[O-])[N+](=O)[O-])c([N+](=O)[O-])c1,O=[N+]([O-])c1cc([N+](=O)[O-])c(CCC([N+](=O)[O-])([N+](=O)[O-])[N+](=O)[O-])c([N+](=O)[O-])c1,1.8880084467297122,0.2016324913799815,0.1590218800326583,0.24326031775152035,0.06292133424589456,,0.18538514885526053,mols/page_0008.png,16
157,CC(NC(=O)NC(C)C([N+](=O)[O-])([N+](=O)[O-])[N+](=O)[O-])C([N+](=O)[O-])([N+](=O)[O-])[N+](=O)[O-],CC(NC(=O)NC(C)C([N+](=O)[O-])([N+](=O)[O-])[N+](=O)[O-])C([N+](=O)[O-])([N+](=O)[O-])[N+](=O)[O-],3.0926028435074597,0.408231953456441,0.24034261744946092,0.3972825287598629,-0.43989065561040624,,0.27031553557351773,mols/page_0008.png,17
158,O=[N+]([O-])C1([N+](=O)[O-])CN(CC([N+](=O)[O-])([N+](=O)[O-])[N+](=O)[O-])CC([N+](=O)[O-])([N+](=O)[O-])C1,O=[N+]([O-])C1([N+](=O)[O-])CN(CC([N+](=O)[O-])([N+](=O)[O-])[N+](=O)[O-])CC([N+](=O)[O-])([N+](=O)[O-])C1,2.077462216552583,1.4281848131348052,1.3535030599965385,1.498004883786561,0.6603600176065019,,1.3464528253034338,mols/page_0008.png,18
159,O=C(CCC([N+](=O)[O-])([N+](=O)[O-])[N+](=O)[O-])OCC([N+](=O)[O-])([N+](=O)[O-])[N+](=O)[O-],O=C(CCC([N+](=O)[O-])([N+](=O)[O-])[N+](=O)[O-])OCC([N+](=O)[O-])([N+](=O)[O-])[N+](=O)[O-],2.0036858610047386,0.83120871629047,0.7786751028058502,0.491609266539536,0.4568679930722593,,0.6931146974855296,mols/page_0008.png,19
160,O=C(CCC([N+](=O)[O-])([N+](=O)[O-])[N+](=O)[O-])NCC([N+](=O)[O-])([N+](=O)[O-])[N+](=O)[O-],O=C(CCC([N+](=O)[O-])([N+](=O)[O-])[N+](=O)[O-])NCC([N+](=O)[O-])([N+](=O)[O-])[N+](=O)[O-],2.0036858610047386,1.016027622397534,0.893650404564179,0.8681509427465722,0.23199474650198137,,0.8639419995452318,mols/page_0009.png,0
161,NC(=O)OCC([N+](=O)[O-])([N+](=O)[O-])[N+](=O)[O-],NC(=O)OCC([N+](=O)[O-])([N+](=O)[O-])[N+](=O)[O-],1.596601054988479,0.9461922025002786,0.9546484639598235,0.3677207067336455,0.7874424290001112,,0.7882362296464671,mols/page_0009.png,1
162,O=C(NCC([N+](=O)[O-])([N+](=O)[O-])[N+](=O)[O-])NCC([N+](=O)[O-])([N+](=O)[O-])[N+](=O)[O-],O=C(NCC([N+](=O)[O-])([N+](=O)[O-])[N+](=O)[O-])NCC([N+](=O)[O-])([N+](=O)[O-])[N+](=O)[O-],2.0036858610047386,1.3713247092954972,1.354974301272872,1.0502778636907115,0.7638130010389764,,1.2254067046618613,mols/page_0009.png,2
163,O=[N+]([O-])C(COCOCC([N+](=O)[O-])([N+](=O)[O-])[N+](=O)[O-])([N+](=O)[O-])[N+](=O)[O-],O=[N+]([O-])C(COCOCC([N+](=O)[O-])([N+](=O)[O-])[N+](=O)[O-])([N+](=O)[O-])[N+](=O)[O-],1.9596423657706594,1.1397660687762554,1.0923893558716162,0.7569702452682947,0.5930044538178211,,0.9751779375320301,mols/page_0009.png,3
164,O=[N+]([O-])C(C/C=C/CC([N+](=O)[O-])([N+](=O)[O-])[N+](=O)[O-])([N+](=O)[O-])[N+](=O)[O-],O=[N+]([O-])C(C/C=C/CC([N+](=O)[O-])([N+](=O)[O-])[N+](=O)[O-])([N+](=O)[O-])[N+](=O)[O-],1.9158857329053582,1.1123149005940804,0.9201238038222198,1.2158589051815472,-0.06934566532139162,,0.9623775161178416,mols/page_0009.png,4
165,O=C(OCC([N+](=O)[O-])([N+](=O)[O-])[N+](=O)[O-])OCC([N+](=O)[O-])([N+](=O)[O-])[N+](=O)[O-],O=C(OCC([N+](=O)[O-])([N+](=O)[O-])[N+](=O)[O-])OCC([N+](=O)[O-])([N+](=O)[O-])[N+](=O)[O-],2.0036858610047386,0.8483509660110086,0.8847028555774966,0.0988790481404612,1.058305935992439,,0.6928840504114613,mols/page_0009.png,5
166,O=C(OCC([N+](=O)[O-])([N+](=O)[O-])[N+](=O)[O-])C(=O)OCC([N+](=O)[O-])([N+](=O)[O-])[N+](=O)[O-],O=C(OCC([N+](=O)[O-])([N+](=O)[O-])[N+](=O)[O-])C(=O)OCC([N+](=O)[O-])([N+](=O)[O-])[N+](=O)[O-],2.0926028435074597,0.7227568828843534,0.8044368378077746,0.02407510474252353,0.9970986521329106,,0.600024601750778,mols/page_0009.png,6
167,CC(COC(=O)OCC([N+](=O)[O-])([N+](=O)[O-])[N+](=O)[O-])([N+](=O)[O-])[N+](=O)[O-],CC(COC(=O)OCC([N+](=O)[O-])([N+](=O)[O-])[N+](=O)[O-])([N+](=O)[O-])[N+](=O)[O-],1.9158857329053582,0.2167140572775607,0.1066736716494142,-0.06091653292989606,-0.14922065034003773,,0.07770082327549271,mols/page_0009.png,7
168,O=C(/C=C/C(=O)OCC([N+](=O)[O-])([N+](=O)[O-])[N+](=O)[O-])OCC([N+](=O)[O-])([N+](=O)[O-])[N+](=O)[O-],O=C(/C=C/C(=O)OCC([N+](=O)[O-])([N+](=O)[O-])[N+](=O)[O-])OCC([N+](=O)[O-])([N+](=O)[O-])[N+](=O)[O-],2.1825801340811584,0.4320127004335584,0.3624696977959598,0.10004688720985809,0.15146342249866573,,0.30010341854286443,mols/page_0009.png,8
169,O=C(NCC([N+](=O)[O-])([N+](=O)[O-])[N+](=O)[O-])C(=O)NCC([N+](=O)[O-])([N+](=O)[O-])[N+](=O)[O-],O=C(NCC([N+](=O)[O-])([N+](=O)[O-])[N+](=O)[O-])C(=O)NCC([N+](=O)[O-])([N+](=O)[O-])[N+](=O)[O-],2.0926028435074597,1.086818357402955,1.0906989935541263,0.709161833364859,0.7944919505201532,,0.9643357765505021,mols/page_0009.png,9
170,O=[N+]([O-])c1cc([N+](=O)[O-])c(CC([N+](=O)[O-])([N+](=O)[O-])[N+](=O)[O-])c([N+](=O)[O-])c1,O=[N+]([O-])c1cc([N+](=O)[O-])c(CC([N+](=O)[O-])([N+](=O)[O-])[N+](=O)[O-])c([N+](=O)[O-])c1,1.8436858610047382,0.6876537663851278,0.6999595420824426,0.667903709002504,0.5857981946297982,,0.6762224275731332,mols/page_0009.png,10
171,O=C(NCNC(=O)C([N+](=O)[O-])([N+](=O)[O-])[N+](=O)[O-])C([N+](=O)[O-])([N+](=O)[O-])[N+](=O)[O-],O=C(NCNC(=O)C([N+](=O)[O-])([N+](=O)[O-])[N+](=O)[O-])C([N+](=O)[O-])([N+](=O)[O-])[N+](=O)[O-],2.0480084467297126,1.1713150359750357,1.3019533976816473,0.5648907203531373,1.2728920485884465,,1.0690581668428858,mols/page_0009.png,11
172,O=[N+]([O-])C(CC([N+](=O)[O-])([N+](=O)[O-])[N+](=O)[O-])CC([N+](=O)[O-])([N+](=O)[O-])[N+](=O)[O-],O=[N+]([O-])C(CC([N+](=O)[O-])([N+](=O)[O-])[N+](=O)[O-])CC([N+](=O)[O-])([N+](=O)[O-])[N+](=O)[O-],2.0036858610047386,1.428092109859506,1.4197063620841355,1.1604559569985982,0.8853863283056673,,1.304396769156284,mols/page_0009.png,12
173,O=[N+]([O-])C(CC#CCC([N+](=O)[O-])([N+](=O)[O-])[N+](=O)[O-])([N+](=O)[O-])[N+](=O)[O-],O=[N+]([O-])C(CC#CCC([N+](=O)[O-])([N+](=O)[O-])[N+](=O)[O-])([N+](=O)[O-])[N+](=O)[O-],1.9158857329053582,1.453225696159207,1.344310197657658,1.6071808207151108,0.3170506461552111,,1.3454223227473185,mols/page_0009.png,13
174,O=[N+]([O-])C(COC(OCC([N+](=O)[O-])([N+](=O)[O-])[N+](=O)[O-])OCC([N+](=O)[O-])([N+](=O)[O-])[N+](=O)[O-])([N+](=O)[O-])[N+](=O)[O-],O=[N+]([O-])C(COC(OCC([N+](=O)[O-])([N+](=O)[O-])[N+](=O)[O-])OCC([N+](=O)[O-])([N+](=O)[O-])[N+](=O)[O-])([N+](=O)[O-])[N+](=O)[O-],2.505174135090663,0.9278400964749907,0.9886250020761096,0.2712889032081001,0.9735243272581755,,0.7865061929169221,mols/page_0009.png,14
175,O=[N+]([O-])C(COC(OCC([N+](=O)[O-])([N+](=O)[O-])[N+](=O)[O-])(OCC([N+](=O)[O-])([N+](=O)[O-])[N+](=O)[O-])OCC([N+](=O)[O-])([N+](=O)[O-])[N+](=O)[O-])([N+](=O)[O-])[N+](=O)[O-],O=[N+]([O-])C(COC(OCC([N+](=O)[O-])([N+](=O)[O-])[N+](=O)[O-])(OCC([N+](=O)[O-])([N+](=O)[O-])[N+](=O)[O-])OCC([N+](=O)[O-])([N+](=O)[O-])[N+](=O)[O-])([N+](=O)[O-])[N+](=O)[O-],3.082434876452602,0.8253385563495047,0.9361534981799118,0.0758540799236977,1.1233508436914341,,0.7010131485263679,mols/page_0009.png,15
176,O=C(OCC([N+](=O)[O-])([N+](=O)[O-])[N+](=O)[O-])C(OCC([N+](=O)[O-])([N+](=O)[O-])[N+](=O)[O-])OCC([N+](=O)[O-])([N+](=O)[O-])[N+](=O)[O-],O=C(OCC([N+](=O)[O-])([N+](=O)[O-])[N+](=O)[O-])C(OCC([N+](=O)[O-])([N+](=O)[O-])[N+](=O)[O-])OCC([N+](=O)[O-])([N+](=O)[O-])[N+](=O)[O-],2.5993737172742675,0.8528572879357111,0.9287429906655954,0.25635283259470537,0.8917427754501068,,0.7303854336708645,mols/page_0009.png,16
177,O=[N+]([O-])c1cc([N+](=O)[O-])c(Nn2cnnc2)c([N+](=O)[O-])c1,O=[N+]([O-])c1cc([N+](=O)[O-])c(Nn2cnnc2)c([N+](=O)[O-])c1,1.506423335035418,-1.228097913095988,-1.074482329781072,-1.023662373793995,-0.40679451740583833,,-1.0487740137069999,mols/page_0009.png,17
178,O=[N+]([O-])c1cc([N+](=O)[O-])c(-c2cnc([N+](=O)[O-])[nH]2)c([N+](=O)[O-])c1,O=[N+]([O-])c1cc([N+](=O)[O-])c(-c2cnc([N+](=O)[O-])[nH]2)c([N+](=O)[O-])c1,1.5724242818454757,-0.7933211231857678,-0.6928967716001331,-0.7610270992122529,0.11604070953500797,,-0.664184128444621,mols/page_0009.png,18
179,O=c1[nH]nc([N+](=O)[O-])[nH]1,O=c1[nH]nc([N+](=O)[O-])[nH]1,1.321790468830701,0.09397177829781456,0.3044090102581452,-0.512100947755352,1.4162164008265647,,0.13780922862549713,mols/page_0009.png,19
180,Cn1nc([N+](=O)[O-])c(Nc2c([N+](=O)[O-])cc([N+](=O)[O-])cc2[N+](=O)[O-])c1[N+](=O)[O-],Cn1nc([N+](=O)[O-])c(Nc2c([N+](=O)[O-])cc([N+](=O)[O-])cc2[N+](=O)[O-])c1[N+](=O)[O-],1.7726028435074592,-0.42856830220730946,-0.39990191424228305,-0.35686164066164866,0.02866558220087502,,-0.3563183319905679,mols/page_0010.png,0
181,O=[N+]([O-])c1cc([N+](=O)[O-])c(Nc2n[nH]c(Nc3c([N+](=O)[O-])cc([N+](=O)[O-])cc3[N+](=O)[O-])n2)c([N+](=O)[O-])c1,O=[N+]([O-])c1cc([N+](=O)[O-])c(Nc2n[nH]c(Nc3c([N+](=O)[O-])cc([N+](=O)[O-])cc3[N+](=O)[O-])n2)c([N+](=O)[O-])c1,2.025174135090663,-0.7530109108502576,-0.6249670129127567,-0.7516463244174693,0.1703796998030969,,-0.6219175337954748,mols/page_0010.png,1
182,Nc1n[nH]c(Nc2c([N+](=O)[O-])cc([N+](=O)[O-])cc2[N+](=O)[O-])n1,Nc1n[nH]c(Nc2c([N+](=O)[O-])cc([N+](=O)[O-])cc2[N+](=O)[O-])n1,1.5292669435287096,-0.989069588326385,-0.8216469930375523,-0.9184381929189067,0.034714676574508496,,-0.8188065343977762,mols/page_0010.png,2
183,O=[N+]([O-])c1cc([N+](=O)[O-])c(-n2nccn2)c([N+](=O)[O-])c1,O=[N+]([O-])c1cc([N+](=O)[O-])c(-n2nccn2)c([N+](=O)[O-])c1,1.4839038473124213,-1.158087299720837,-0.9948608983977247,-1.004609760019187,-0.28846737418459334,,-0.9837880018448665,mols/page_0010.png,3
184,O=[N+]([O-])c1cc([N+](=O)[O-])c(-c2[nH]cnc2[N+](=O)[O-])c([N+](=O)[O-])c1,O=[N+]([O-])c1cc([N+](=O)[O-])c(-c2[nH]cnc2[N+](=O)[O-])c([N+](=O)[O-])c1,1.5724242818454757,-0.8162345446041558,-0.6858631778300793,-0.7782437696647728,0.12711520538827542,,-0.673290465837844,mols/page_0010.png,4
185,Nn1nc([N+](=O)[O-])cc1[N+](=O)[O-],Nn1nc([N+](=O)[O-])cc1[N+](=O)[O-],1.3770246155449357,0.8683984421048996,0.8485306351916668,0.9689169158858801,0.7288139695840793,,0.8736092712240928,mols/page_0010.png,5
186,Cn1c([N+](=O)[O-])nnc1[N+](=O)[O-],Cn1c([N+](=O)[O-])nnc1[N+](=O)[O-],1.3770246155449357,0.3445997967944455,0.22044412709981193,0.3388771415583915,0.032668515299540575,,0.2747293039275514,mols/page_0010.png,6
187,Cn1nc([N+](=O)[O-])nc1[N+](=O)[O-],Cn1nc([N+](=O)[O-])nc1[N+](=O)[O-],1.3770246155449357,0.20962068547523519,0.07281340184068025,0.2223135478173761,-0.17345376322550463,,0.13344427110032997,mols/page_0010.png,7
188,O=[N+]([O-])c1n[nH]c(-c2nc([N+](=O)[O-])n[nH]2)n1,O=[N+]([O-])c1n[nH]c(-c2nc([N+](=O)[O-])n[nH]2)n1,1.317308431519336,0.31897755424698243,0.48123585744997427,0.070279081298701,1.3288890295006448,,0.4064715744961759,mols/page_0010.png,8
189,O=[N+]([O-])c1cc([N+](=O)[O-])c(Nc2nn(-c3c([N+](=O)[O-])cc([N+](=O)[O-])cc3[N+](=O)[O-])cc2[N+](=O)[O-])c([N+](=O)[O-])c1,O=[N+]([O-])c1cc([N+](=O)[O-])c(Nc2nn(-c3c([N+](=O)[O-])cc([N+](=O)[O-])cc3[N+](=O)[O-])cc2[N+](=O)[O-])c([N+](=O)[O-])c1,2.1193737172742675,-0.6396010234576002,-0.5141013486406,-0.6358094955574475,0.2835883785543443,,-0.5086842988362674,mols/page_0010.png,9
190,O=[N+]([O-])c1cc([N+](=O)[O-])c(-n2nc(-c3nc([N+](=O)[O-])n(-c4c([N+](=O)[O-])cc([N+](=O)[O-])cc4[N+](=O)[O-])n3)nc2[N+](=O)[O-])c([N+](=O)[O-])c1,O=[N+]([O-])c1cc([N+](=O)[O-])c(-n2nc(-c3nc([N+](=O)[O-])n(-c4c([N+](=O)[O-])cc([N+](=O)[O-])cc4[N+](=O)[O-])n3)nc2[N+](=O)[O-])c([N+](=O)[O-])c1,2.3955077010436936,-0.10043955993976154,0.02466937879810136,-0.1486011860023743,0.8294873084359571,,0.01804540200351601,mols/page_0010.png,10
191,Nc1c([N+](=O)[O-])c(N)c2c(no[n+]2[O-])c1[N+](=O)[O-],Nc1c([N+](=O)[O-])c(N)c2c(no[n+]2[O-])c1[N+](=O)[O-],1.3998833105991515,0.3285574164418609,0.5561771700359179,0.43457098542658784,1.5964781886478112,,0.5501388119868548,mols/page_0010.png,11
192,Nc1nonc1Nc1c([N+](=O)[O-])cc([N+](=O)[O-])cc1[N+](=O)[O-],Nc1nonc1Nc1c([N+](=O)[O-])cc([N+](=O)[O-])cc1[N+](=O)[O-],1.5292669435287096,-0.5418430627919039,-0.4114639030567534,-0.4809575277256415,0.36098862273713755,,-0.397224762551889,mols/page_0010.png,12
193,Cn1nc([N+](=O)[O-])c(-c2c([N+](=O)[O-])cc([N+](=O)[O-])cc2[N+](=O)[O-])c1[N+](=O)[O-],Cn1nc([N+](=O)[O-])c(-c2c([N+](=O)[O-])cc([N+](=O)[O-])cc2[N+](=O)[O-])c1[N+](=O)[O-],1.7280084467297125,-0.49716951154952516,-0.48611167010797046,-0.39618441208767957,-0.018681438659633495,,-0.42075707696260817,mols/page_0010.png,13
194,O=[N+]([O-])c1cc([N+](=O)[O-])c(-n2cc([N+](=O)[O-])cn2)c([N+](=O)[O-])c1,O=[N+]([O-])c1cc([N+](=O)[O-])c(-n2cc([N+](=O)[O-])cn2)c([N+](=O)[O-])c1,1.5724242818454757,-0.9466397705946322,-0.8129051495180776,-0.8739559729661921,-0.10870028962791113,,-0.8045544867678837,mols/page_0010.png,14
195,O=[N+]([O-])c1c[nH]c([N+](=O)[O-])n1,O=[N+]([O-])c1c[nH]c([N+](=O)[O-])n1,1.3580915038517312,0.38380856852004763,0.5039656727395759,0.07655755966987199,1.0070392489193796,,0.4053660156132954,mols/page_0010.png,15
196,Nc1c([N+](=O)[O-])cc([N+](=O)[O-])c2no[n+]([O-])c12,Nc1c([N+](=O)[O-])cc([N+](=O)[O-])c2no[n+]([O-])c12,1.3784079534080929,0.2158043081860674,0.3810592114303644,0.3505922511188062,1.2523826798305544,,0.4027356020569899,mols/page_0010.png,16
197,O=[N+]([O-])c1ccc(Cn2c([N+](=O)[O-])nnc2[N+](=O)[O-])c([N+](=O)[O-])c1,O=[N+]([O-])c1ccc(Cn2c([N+](=O)[O-])nnc2[N+](=O)[O-])c([N+](=O)[O-])c1,1.5958857329053582,-0.617001064809079,-0.5899660998999872,-0.5093770347725524,-0.20615438372102732,,-0.5408998997184147,mols/page_0010.png,17
198,O=[N+]([O-])c1cc([N+](=O)[O-])c(Nc2noc(Nc3c([N+](=O)[O-])cc([N+](=O)[O-])cc3[N+](=O)[O-])n2)c([N+](=O)[O-])c1,O=[N+]([O-])c1cc([N+](=O)[O-])c(Nc2noc(Nc3c([N+](=O)[O-])cc([N+](=O)[O-])cc3[N+](=O)[O-])n2)c([N+](=O)[O-])c1,2.025474135090663,-0.6279793323432131,-0.5055444483905559,-0.6624861998213474,0.32472956737323855,,-0.5046046940553043,mols/page_0010.png,18
199,O=C1c2nn(-c3c([N+](=O)[O-])cc([N+](=O)[O-])cc3[N+](=O)[O-])nc2C(=O)c2nn(-c3c([N+](=O)[O-])cc([N+](=O)[O-])cc3[N+](=O)[O-])nc21,O=C1c2nn(-c3c([N+](=O)[O-])cc([N+](=O)[O-])cc3[N+](=O)[O-])nc2C(=O)c2nn(-c3c([N+](=O)[O-])cc([N+](=O)[O-])cc3[N+](=O)[O-])nc21,2.338487645650445,-0.9147459157869006,-0.6738437818276563,-1.0349874573461872,0.7028224559859529,,-0.7107788238116636,mols/page_0010.png,19
200,O=[N+]([O-])c1cc([N+](=O)[O-])c2no[n+]([O-])c2c1,O=[N+]([O-])c1cc([N+](=O)[O-])c2no[n+]([O-])c2c1,1.357308431519336,-0.015353665634848298,0.13056680885139257,0.004243782324432854,0.940262879794409,,0.12888349324376996,mols/page_0011.png,0
201,O=[N+]([O-])c1cc([N+](=O)[O-])c(Nc2nonc2Nc2c([N+](=O)[O-])cc([N+](=O)[O-])cc2[N+](=O)[O-])c([N+](=O)[O-])c1,O=[N+]([O-])c1cc([N+](=O)[O-])c(Nc2nonc2Nc2c([N+](=O)[O-])cc([N+](=O)[O-])cc2[N+](=O)[O-])c([N+](=O)[O-])c1,2.025474135090663,-0.516822605912907,-0.3975471615959235,-0.5290072990072998,0.35577709527677637,,-0.3968261757724418,mols/page_0011.png,1
202,O=[N+]([O-])c1nc([N+](=O)[O-])c([N+](=O)[O-])[nH]1,O=[N+]([O-])c1nc([N+](=O)[O-])c([N+](=O)[O-])[nH]1,1.4163039679725398,1.4827289063335929,1.6851354091624378,1.345021995815055,1.6240346298996833,,1.5231547019092209,mols/page_0011.png,2
203,O=[N+]([O-])c1cc([N+](=O)[O-])c(-n2cnc([N+](=O)[O-])n2)c([N+](=O)[O-])c1,O=[N+]([O-])c1cc([N+](=O)[O-])c(-n2cnc([N+](=O)[O-])n2)c([N+](=O)[O-])c1,1.5524242818454757,-0.30886009144116183,-0.2624104881222439,-0.2846141363922336,0.39185492271207256,,-0.21879222026793094,mols/page_0011.png,3
204,O=[N+]([O-])c1cc([N+](=O)[O-])c(Nc2nonc2[N+](=O)[O-])c([N+](=O)[O-])c1,O=[N+]([O-])c1cc([N+](=O)[O-])c(Nc2nonc2[N+](=O)[O-])c([N+](=O)[O-])c1,1.5958857329053582,0.15456043929448615,0.22289087225324572,0.12084902063349036,0.7568393993268626,,0.22685961052010273,mols/page_0011.png,4
205,Nc1c([N+](=O)[O-])c([N+](=O)[O-])c([N+](=O)[O-])c2no[n+]([O-])c12,Nc1c([N+](=O)[O-])c([N+](=O)[O-])c([N+](=O)[O-])c2no[n+]([O-])c12,1.4439038473124213,1.362789723000175,1.6972426452323797,1.629863676566453,2.2218296465523406,,1.6157980804166223,mols/page_0011.png,5
206,Nc1c([N+](=O)[O-])c2no[n+]([O-])c2c2no[n+]([O-])c12,Nc1c([N+](=O)[O-])c2no[n+]([O-])c2c2no[n+]([O-])c12,1.2398833105991516,1.219171923416664,1.5852711543647677,1.548795136320025,2.4767916273228052,,1.5371694663175495,mols/page_0011.png,6
207,O=[N+]([O-])c1cn([N+](=O)[O-])cn1,O=[N+]([O-])c1cn([N+](=O)[O-])cn1,1.3580915038517312,-0.21772570123347926,-0.22755746584133338,-0.33585083660675147,0.06322011542548293,,-0.2221119327932573,mols/page_0011.png,7
208,[O-][n+]1onc2c1c1no[n+]([O-])c1c1no[n+]([O-])c21,[O-][n+]1onc2c1c1no[n+]([O-])c1c1no[n+]([O-])c21,1.1798833105991513,1.9072957660252925,2.387972856457541,2.416858693307403,3.0834349751381906,,2.296503545886784,mols/page_0011.png,8
209,Cn1c([N+](=O)[O-])nc([N+](=O)[O-])c1[N+](=O)[O-],Cn1c([N+](=O)[O-])nc([N+](=O)[O-])c1[N+](=O)[O-],1.456601054988479,0.6771672975826645,0.5972531021182902,0.6698148812219005,0.3108448141135969,,0.6147226865062544,mols/page_0011.png,9
210,O=[N+]([O-])c1cc([N+](=O)[O-])c(-c2[nH]c([N+](=O)[O-])nc2[N+](=O)[O-])c([N+](=O)[O-])c1,O=[N+]([O-])c1cc([N+](=O)[O-])c(-c2[nH]c([N+](=O)[O-])nc2[N+](=O)[O-])c([N+](=O)[O-])c1,1.6836858610047383,-0.03908884659529333,0.04295352841596779,-0.11508581675847847,0.7271841427396853,,0.04315192230078659,mols/page_0011.png,10
211,O=[N+]([O-])c1nc(-c2nc([N+](=O)[O-])c([N+](=O)[O-])[nH]2)[nH]c1[N+](=O)[O-],O=[N+]([O-])c1nc(-c2nc([N+](=O)[O-])c([N+](=O)[O-])[nH]2)[nH]c1[N+](=O)[O-],1.5092669435287096,0.8639376861968695,1.0368367418252848,0.662460360947447,1.5666098667932227,,0.9357052896326737,mols/page_0011.png,11
212,O=[N+]([O-])CCn1c([N+](=O)[O-])nnc1[N+](=O)[O-],O=[N+]([O-])CCn1c([N+](=O)[O-])nnc1[N+](=O)[O-],1.4773084315193359,1.0324502433030398,0.934392863808407,1.0159582617134426,0.4587084361580024,,0.9415358533427469,mols/page_0011.png,12
213,O=[N+]([O-])c1nonc1-c1no[n+]([O-])c1-c1nonc1[N+](=O)[O-],O=[N+]([O-])c1nonc1-c1no[n+]([O-])c1-c1nonc1[N+](=O)[O-],1.3492669435287097,1.8026950466489686,2.0895766334933508,2.093620720821148,2.1285168555304046,,1.9940731221334718,mols/page_0011.png,13
214,O=[N+]([O-])c1cc([N+](=O)[O-])on1,O=[N+]([O-])c1cc([N+](=O)[O-])on1,1.3580915038517312,1.0952355005517107,1.1981896827229956,1.0543241036566127,1.126803970439136,,1.1190507529680642,mols/page_0011.png,14
215,Nc1nonc1[N+](=O)[O-],Nc1nonc1[N+](=O)[O-],1.321790468830701,1.4872509406778376,1.6109773105603349,1.6271487194047376,1.4691594462392,,1.5575341468804478,mols/page_0011.png,15
216,O=[N+]([O-])OCCNc1c([N+](=O)[O-])c(-c2nnc(-c3c([N+](=O)[O-])c(NCCO[N+](=O)[O-])c([N+](=O)[O-])c(N(CCO[N+](=O)[O-])[N+](=O)[O-])c3[N+](=O)[O-])o2)c([N+](=O)[O-])c(N(CCO[N+](=O)[O-])[N+](=O)[O-])c1[N+](=O)[O-],O=[N+]([O-])OCCNc1c([N+](=O)[O-])c(-c2nnc(-c3c([N+](=O)[O-])c(NCCO[N+](=O)[O-])c([N+](=O)[O-])c(N(CCO[N+](=O)[O-])[N+](=O)[O-])c3[N+](=O)[O-])o2)c([N+](=O)[O-])c(N(CCO[N+](=O)[O-])[N+](=O)[O-])c1[N+](=O)[O-],3.620290765159798,0.15388166277026316,0.08389530475885673,0.16918179586141358,0.17176707306733308,,0.13849932966933584,mols/page_0011.png,16
217,O=[N+]([O-])c1cc([N+](=O)[O-])c(-c2nnc(-c3c([N+](=O)[O-])cc([N+](=O)[O-])cc3[N+](=O)[O-])o2)c([N+](=O)[O-])c1,O=[N+]([O-])c1cc([N+](=O)[O-])c(-c2nnc(-c3c([N+](=O)[O-])cc([N+](=O)[O-])cc3[N+](=O)[O-])o2)c([N+](=O)[O-])c1,1.9318467354148352,-0.6831739197110479,-0.5429068218366591,-0.7027179870874379,0.3627580440670769,,-0.5413866108150163,mols/page_0011.png,17
218,O=[N+]([O-])c1nonc1-c1nonc1[N+](=O)[O-],O=[N+]([O-])c1nonc1-c1nonc1[N+](=O)[O-],1.317308431519336,1.78074951027438,2.040132577451493,2.0683926206176393,1.9128054154588159,,1.9436807985317723,mols/page_0011.png,18
219,O=[N+]([O-])OCCNc1c([N+](=O)[O-])cc([N+](=O)[O-])c(-c2nnc(-c3c([N+](=O)[O-])cc([N+](=O)[O-])c(NCCO[N+](=O)[O-])c3[N+](=O)[O-])o2)c1[N+](=O)[O-],O=[N+]([O-])OCCNc1c([N+](=O)[O-])cc([N+](=O)[O-])c(-c2nnc(-c3c([N+](=O)[O-])cc([N+](=O)[O-])c(NCCO[N+](=O)[O-])c3[N+](=O)[O-])o2)c1[N+](=O)[O-],2.602434876452602,-0.5170095837054591,-0.4875464976835872,-0.4848085307919043,0.0091860289021379,,-0.44750083340974917,mols/page_0011.png,19
220,Nc1c([N+](=O)[O-])c(N)c([N+](=O)[O-])c(N)c1[N+](=O)[O-],Nc1c([N+](=O)[O-])c(N)c([N+](=O)[O-])c(N)c1[N+](=O)[O-],1.5598833105991516,-0.579879688019658,-0.437067525937144,-0.5889606998831981,0.4331761149465385,,-0.43800071206416913,mols/page_0012.png,0
221,Nc1c([N+](=O)[O-])cc([N+](=O)[O-])c(N)c1[N+](=O)[O-],Nc1c([N+](=O)[O-])cc([N+](=O)[O-])c(N)c1[N+](=O)[O-],1.538407953408093,-0.6577960052874661,-0.5370726442612717,-0.6283175034293494,0.22295539130640196,,-0.5261342318556917,mols/page_0012.png,1
222,O=[N+]([O-])c1cc([N+](=O)[O-])c(-c2cnn(-c3c([N+](=O)[O-])cc([N+](=O)[O-])cc3[N+](=O)[O-])c2)c([N+](=O)[O-])c1,O=[N+]([O-])c1cc([N+](=O)[O-])c(-c2cnn(-c3c([N+](=O)[O-])cc([N+](=O)[O-])cc3[N+](=O)[O-])c2)c([N+](=O)[O-])c1,1.9318467354148352,-1.0906684499491717,-0.9483257859736636,-1.0783193020806194,-0.07340982407161217,,-0.9431525012016252,mols/page_0012.png,2
223,O=[N+]([O-])c1cc([N+](=O)[O-])c(-n2ccnc2)c([N+](=O)[O-])c1,O=[N+]([O-])c1cc([N+](=O)[O-])c(-n2ccnc2)c([N+](=O)[O-])c1,1.5039038473124213,-1.7923018308801826,-1.5738416145622762,-1.519805458253852,-0.9448161549583854,,-1.5738911052360482,mols/page_0012.png,3
224,O=[N+]([O-])c1ccc(O)c([N+](=O)[O-])c1O,O=[N+]([O-])c1ccc(O)c([N+](=O)[O-])c1O,1.4763039679725398,-1.4094867980169898,-1.0895058560926392,-1.479094982350804,0.2026848025895743,,-1.1696774014624818,mols/page_0012.png,4
225,COc1c([N+](=O)[O-])cc([N+](=O)[O-])c(OC)c1[N+](=O)[O-],COc1c([N+](=O)[O-])cc([N+](=O)[O-])c(OC)c1[N+](=O)[O-],1.621719749037849,-1.4156594220341425,-1.3440657329253742,-1.2315225032507997,-1.1475857168042791,,-1.32133971508269,mols/page_0012.png,5
226,Cc1c([N+](=O)[O-])c(N)c([N+](=O)[O-])c(N)c1[N+](=O)[O-],Cc1c([N+](=O)[O-])c(N)c([N+](=O)[O-])c(N)c1[N+](=O)[O-],1.5798833105991517,-1.2132488910076333,-1.079116132906511,-0.9961747199309089,-0.5398047963830022,,-1.0513961113456525,mols/page_0012.png,6
227,O=[N+]([O-])c1cc([N+](=O)[O-])c(Nc2nc(Nc3cc([N+](=O)[O-])cc([N+](=O)[O-])c3[N+](=O)[O-])c([N+](=O)[O-])c(Nc3c([N+](=O)[O-])cc([N+](=O)[O-])cc3[N+](=O)[O-])n2)c([N+](=O)[O-])c1,O=[N+]([O-])c1cc([N+](=O)[O-])c(Nc2nc(Nc3cc([N+](=O)[O-])cc([N+](=O)[O-])c3[N+](=O)[O-])c([N+](=O)[O-])c(Nc3c([N+](=O)[O-])cc([N+](=O)[O-])cc3[N+](=O)[O-])n2)c([N+](=O)[O-])c1,3.031416964816933,-0.7423351073923108,-0.5917085274211336,-0.792949227885246,0.38707197481259636,,-0.5968599553037007,mols/page_0012.png,7
228,COc1c([N+](=O)[O-])cc([N+](=O)[O-])cc1[N+](=O)[O-],COc1c([N+](=O)[O-])cc([N+](=O)[O-])cc1[N+](=O)[O-],1.558407953408093,-1.235731792130565,-1.1572091471150308,-1.1336725454565504,-0.8366953278513581,,-1.1467565405294804,mols/page_0012.png,8
229,O=[N+]([O-])c1cc([N+](=O)[O-])c(Nc2cccc(Nc3c([N+](=O)[O-])cc([N+](=O)[O-])cc3[N+](=O)[O-])n2)c([N+](=O)[O-])c1,O=[N+]([O-])c1cc([N+](=O)[O-])c(Nc2cccc(Nc3c([N+](=O)[O-])cc([N+](=O)[O-])cc3[N+](=O)[O-])n2)c([N+](=O)[O-])c1,2.123066943381353,-1.4098411130776665,-1.248150767563351,-1.266940536684062,-0.44082985710525985,,-1.2287077397277302,mols/page_0012.png,9
230,Cc1c([N+](=O)[O-])cc([N+](=O)[O-])c(O)c1[N+](=O)[O-],Cc1c([N+](=O)[O-])cc([N+](=O)[O-])c(O)c1[N+](=O)[O-],1.558407953408093,-1.1699399634024945,-1.012325739749461,-1.0701086053105038,-0.3839891867146339,,-1.0191027791148006,mols/page_0012.png,10
231,CCOc1c([N+](=O)[O-])cc([N+](=O)[O-])cc1[N+](=O)[O-],CCOc1c([N+](=O)[O-])cc([N+](=O)[O-])cc1[N+](=O)[O-],1.5998833105991517,-1.795135565744618,-1.6478294631426065,-1.520470651864891,-1.4878570714254111,,-1.6515496570621622,mols/page_0012.png,11
232,Nc1c([N+](=O)[O-])cc([N+](=O)[O-])cc1[N+](=O)[O-],Nc1c([N+](=O)[O-])cc([N+](=O)[O-])cc1[N+](=O)[O-],1.517308431519336,-0.7502738073660066,-0.655956669314975,-0.6827644177115462,-0.012471933078925931,,-0.631321131108374,mols/page_0012.png,12
233,Cc1c([N+](=O)[O-])cc([N+](=O)[O-])c(N)c1[N+](=O)[O-],Cc1c([N+](=O)[O-])cc([N+](=O)[O-])c(N)c1[N+](=O)[O-],1.558407953408093,-1.338383385862679,-1.2364047937347322,-1.0878590426996497,-0.8200529712456794,,-1.1933256809718378,mols/page_0012.png,13
234,Cc1c([N+](=O)[O-])cc([N+](=O)[O-])cc1[N+](=O)[O-],Cc1c([N+](=O)[O-])cc([N+](=O)[O-])cc1[N+](=O)[O-],1.537308431519336,-1.5235086841508159,-1.3870444405794182,-1.2717690676216795,-1.1060183974505622,,-1.3778854782770873,mols/page_0012.png,14
235,Cc1c([N+](=O)[O-])ccc(-c2c([N+](=O)[O-])cc([N+](=O)[O-])cc2[N+](=O)[O-])c1[N+](=O)[O-],Cc1c([N+](=O)[O-])ccc(-c2c([N+](=O)[O-])cc([N+](=O)[O-])cc2[N+](=O)[O-])c1[N+](=O)[O-],1.7827538435074597,-1.537018222473198,-1.3472052966477113,-1.3547850511628956,-0.7192143231346031,,-1.3527356619641169,mols/page_0012.png,15
236,N#Cc1c([N+](=O)[O-])cc([N+](=O)[O-])cc1[N+](=O)[O-],N#Cc1c([N+](=O)[O-])cc([N+](=O)[O-])cc1[N+](=O)[O-],1.558407953408093,-1.016343206167733,-0.9040815425104938,-1.056625616668042,-0.19559540785385293,,-0.9106605298642504,mols/page_0012.png,16
237,Nc1c([N+](=O)[O-])cc([N+](=O)[O-])c(O)c1[N+](=O)[O-],Nc1c([N+](=O)[O-])cc([N+](=O)[O-])c(O)c1[N+](=O)[O-],1.538407953408093,-0.4408569855312629,-0.24331437686207605,-0.5576018923564093,0.7799949407449616,,-0.288695237009171,mols/page_0012.png,17
238,Cc1c([N+](=O)[O-])cc([N+](=O)[O-])c(-c2c([N+](=O)[O-])cc([N+](=O)[O-])c(C)c2[N+](=O)[O-])c1[N+](=O)[O-],Cc1c([N+](=O)[O-])cc([N+](=O)[O-])c(-c2c([N+](=O)[O-])cc([N+](=O)[O-])c(C)c2[N+](=O)[O-])c1[N+](=O)[O-],1.9745496759431462,-1.1941724424414502,-1.0355327661695104,-1.064000287539935,-0.43395666546169614,,-1.038015923136514,mols/page_0012.png,18
239,Nc1c([N+](=O)[O-])cc([N+](=O)[O-])c(-c2c([N+](=O)[O-])cc([N+](=O)[O-])c(N)c2[N+](=O)[O-])c1[N+](=O)[O-],Nc1c([N+](=O)[O-])cc([N+](=O)[O-])c(-c2c([N+](=O)[O-])cc([N+](=O)[O-])c(N)c2[N+](=O)[O-])c1[N+](=O)[O-],1.9535676759431462,-0.4540444192530301,-0.3002398513091199,-0.4204878237642315,0.5840691822298852,,-0.2957025398493658,mols/page_0012.png,19
240,Nc1c([N+](=O)[O-])cc([N+](=O)[O-])c(Nc2c([N+](=O)[O-])cc([N+](=O)[O-])c(N)c2[N+](=O)[O-])c1[N+](=O)[O-],Nc1c([N+](=O)[O-])cc([N+](=O)[O-])c(Nc2c([N+](=O)[O-])cc([N+](=O)[O-])c(N)c2[N+](=O)[O-])c1[N+](=O)[O-],1.999426144623208,-0.4651193181673487,-0.3081984808447539,-0.4590690532044797,0.49790020023138565,,-0.32022854888997954,mols/page_0013.png,0
241,Nc1c([N+](=O)[O-])c(N)c([N+](=O)[O-])c(O)c1[N+](=O)[O-],Nc1c([N+](=O)[O-])c(N)c([N+](=O)[O-])c(O)c1[N+](=O)[O-],1.5598833105991516,-0.34748278991783993,-0.0947170914418098,-0.5349360525651277,1.1498321625020005,,-0.16878490079486877,mols/page_0013.png,1
242,O=[N+]([O-])c1cc([N+](=O)[O-])c(CCc2c([N+](=O)[O-])cc([N+](=O)[O-])cc2[N+](=O)[O-])c([N+](=O)[O-])c1,O=[N+]([O-])c1cc([N+](=O)[O-])c(CCc2c([N+](=O)[O-])cc([N+](=O)[O-])cc2[N+](=O)[O-])c([N+](=O)[O-])c1,1.9535676759431462,-1.0781330816384058,-0.9813488600843362,-0.9848424717218494,-0.5042412644207679,,-0.968385980971282,mols/page_0013.png,2
243,Cc1c([N+](=O)[O-])c(C)c([N+](=O)[O-])c(C)c1[N+](=O)[O-],Cc1c([N+](=O)[O-])c(C)c([N+](=O)[O-])c(C)c1[N+](=O)[O-],1.6198833105991517,-2.421991970832352,-2.193916789077986,-1.8445791301605423,-2.2084389077585795,,-2.1878608998307123,mols/page_0013.png,3
244,O=C(O)c1c([N+](=O)[O-])cc([N+](=O)[O-])cc1[N+](=O)[O-],O=C(O)c1c([N+](=O)[O-])cc([N+](=O)[O-])cc1[N+](=O)[O-],1.5798833105991517,-0.8376686417226459,-0.6404124909668416,-1.1296925785666734,0.5533437012535266,,-0.7123965464092942,mols/page_0013.png,4
245,Cc1cc([N+](=O)[O-])c([N+](=O)[O-])c([N+](=O)[O-])c1,Cc1cc([N+](=O)[O-])c([N+](=O)[O-])c([N+](=O)[O-])c1,1.537308431519336,-1.4164073332043512,-1.3245007154138695,-1.1327800978854967,-1.1197109021643212,,-1.28825889593349,mols/page_0013.png,5
246,O=[N+]([O-])c1cc([N+](=O)[O-])c(NC2N=CC=CN2c2c([N+](=O)[O-])cc([N+](=O)[O-])cc2[N+](=O)[O-])c([N+](=O)[O-])c1,O=[N+]([O-])c1cc([N+](=O)[O-])c(NC2N=CC=CN2c2c([N+](=O)[O-])cc([N+](=O)[O-])cc2[N+](=O)[O-])c([N+](=O)[O-])c1,2.6251741350906634,-1.2557305597238753,-1.1168174093040233,-1.1251631720532724,-0.6041039756460576,,-1.116252109272487,mols/page_0013.png,6
247,O=[N+]([O-])c1cc([N+](=O)[O-])cc([N+](=O)[O-])c1,O=[N+]([O-])c1cc([N+](=O)[O-])cc([N+](=O)[O-])c1,1.496601054988479,-0.9103857193639405,-0.8082208782811185,-0.8683603759527014,-0.2654734684865995,,-0.80473870609855,mols/page_0013.png,7
248,O=[N+]([O-])c1ccc([N+](=O)[O-])c2c([N+](=O)[O-])ccc([N+](=O)[O-])c12,O=[N+]([O-])c1ccc([N+](=O)[O-])c2c([N+](=O)[O-])ccc([N+](=O)[O-])c12,1.5692669435287097,-1.3369661256199727,-1.1106270801821505,-1.2290139777650784,-0.30323745036572025,,-1.1387035074994771,mols/page_0013.png,8
249,Cc1c([N+](=O)[O-])cc([N+](=O)[O-])c(C)c1[N+](=O)[O-],Cc1c([N+](=O)[O-])cc([N+](=O)[O-])c(C)c1[N+](=O)[O-],1.578407953408093,-2.0182401389291797,-1.83217637836933,-1.5850224190765394,-1.7004668199892237,,-1.8223392489040688,mols/page_0013.png,9
250,O=[N+]([O-])c1cc([N+](=O)[O-])c(Nc2cc(Nc3c([N+](=O)[O-])cc([N+](=O)[O-])cc3[N+](=O)[O-])c([N+](=O)[O-])nc2[N+](=O)[O-])c([N+](=O)[O-])c1,O=[N+]([O-])c1cc([N+](=O)[O-])c(Nc2cc(Nc3c([N+](=O)[O-])cc([N+](=O)[O-])cc3[N+](=O)[O-])c([N+](=O)[O-])nc2[N+](=O)[O-])c([N+](=O)[O-])c1,2.400207645650445,-0.6188865551541428,-0.5217916666972674,-0.6313521834037754,0.32617449274993643,,-0.49836839088908036,mols/page_0013.png,10
251,O=[N+]([O-])c1cc([N+](=O)[O-])c(-n2cnc3c([N+](=O)[O-])cc([N+](=O)[O-])cc32)c([N+](=O)[O-])c1,O=[N+]([O-])c1cc([N+](=O)[O-])c(-n2cnc3c([N+](=O)[O-])cc([N+](=O)[O-])cc32)c([N+](=O)[O-])c1,1.7025801340811582,-1.190077785908753,-0.9933925318872371,-1.1613008057106606,-0.05987895507795834,,-1.0108580815696957,mols/page_0013.png,11
252,COC(=O)c1c([N+](=O)[O-])cc([N+](=O)[O-])cc1[N+](=O)[O-],COC(=O)c1c([N+](=O)[O-])cc([N+](=O)[O-])cc1[N+](=O)[O-],1.621719749037849,-1.4730341076134574,-1.3002571761970978,-1.5393996753087351,-0.7549688791296889,,-1.365985897263992,mols/page_0013.png,12
253,O=[N+]([O-])c1cc([N+](=O)[O-])c(-c2c([N+](=O)[O-])c(-c3c([N+](=O)[O-])cc([N+](=O)[O-])cc3[N+](=O)[O-])c([N+](=O)[O-])c(-c3c([N+](=O)[O-])cc([N+](=O)[O-])cc3[N+](=O)[O-])c2[N+](=O)[O-])c([N+](=O)[O-])c1,O=[N+]([O-])c1cc([N+](=O)[O-])c(-c2c([N+](=O)[O-])c(-c3c([N+](=O)[O-])cc([N+](=O)[O-])cc3[N+](=O)[O-])c([N+](=O)[O-])c(-c3c([N+](=O)[O-])cc([N+](=O)[O-])cc3[N+](=O)[O-])c2[N+](=O)[O-])c([N+](=O)[O-])c1,3.2237805547995015,-0.6006389367188106,-0.39222437292270934,-0.6740786146329067,0.634263195887701,,-0.4329842737978531,mols/page_0013.png,13
254,O=[N+]([O-])c1cc([N+](=O)[O-])c(O)c([N+](=O)[O-])c1,O=[N+]([O-])c1cc([N+](=O)[O-])c(O)c([N+](=O)[O-])c1,1.517308431519336,-0.5483927848780693,-0.364555071072703,-0.6846402144376595,0.5735959222748878,,-0.4151044574110613,mols/page_0013.png,14
255,O=[N+]([O-])c1cc([N+](=O)[O-])c(-c2c([N+](=O)[O-])cc([N+](=O)[O-])cc2[N+](=O)[O-])c([N+](=O)[O-])c1,O=[N+]([O-])c1cc([N+](=O)[O-])c(-c2c([N+](=O)[O-])cc([N+](=O)[O-])cc2[N+](=O)[O-])c([N+](=O)[O-])c1,1.8625801340811579,-0.5818413835995014,-0.47561398349340106,-0.6272853450493802,0.28738069541166067,,-0.4744119460290248,mols/page_0013.png,15
256,O=[N+]([O-])c1cc([N+](=O)[O-])c(-c2nc(-c3c([N+](=O)[O-])cc([N+](=O)[O-])cc3[N+](=O)[O-])nc(-c3c([N+](=O)[O-])cc([N+](=O)[O-])cc3[N+](=O)[O-])n2)c([N+](=O)[O-])c1,O=[N+]([O-])c1cc([N+](=O)[O-])c(-c2nc(-c3c([N+](=O)[O-])cc([N+](=O)[O-])cc3[N+](=O)[O-])nc(-c3c([N+](=O)[O-])cc([N+](=O)[O-])cc3[N+](=O)[O-])n2)c([N+](=O)[O-])c1,2.693606210045286,-0.9215839607716654,-0.7301473485966667,-0.97884028043113,0.36109882890993655,,-0.7501987780658718,mols/page_0013.png,16
257,O=[N+]([O-])c1cc([N+](=O)[O-])c(Cl)c([N+](=O)[O-])c1,O=[N+]([O-])c1cc([N+](=O)[O-])c(Cl)c([N+](=O)[O-])c1,1.517308431519336,-0.7717369724606498,-0.561684792343195,-1.131689278877425,0.6885985126166966,,-0.6526758465218725,mols/page_0013.png,17
258,CC(=O)c1c([N+](=O)[O-])cc([N+](=O)[O-])cc1[N+](=O)[O-],CC(=O)c1c([N+](=O)[O-])cc([N+](=O)[O-])cc1[N+](=O)[O-],1.5998833105991517,-1.6732582554606699,-1.4942137948103822,-1.5522826239385468,-0.9836650553830607,,-1.5203416893772919,mols/page_0013.png,18
259,Cc1c([N+](=O)[O-])c(C)c([N+](=O)[O-])c(O)c1[N+](=O)[O-],Cc1c([N+](=O)[O-])c(C)c([N+](=O)[O-])c(O)c1[N+](=O)[O-],1.5998833105991517,-1.6367858015983416,-1.468725801400689,-1.371060017028398,-1.0098218782403856,,-1.4572399630607644,mols/page_0013.png,19
260,COc1c([N+](=O)[O-])c(Cl)c([N+](=O)[O-])c(Cl)c1[N+](=O)[O-],COc1c([N+](=O)[O-])c(Cl)c([N+](=O)[O-])c(Cl)c1[N+](=O)[O-],1.601719749037849,-0.9167901015693406,-0.6634981383845013,-1.3792814607838146,0.804050499240919,,-0.7843412923364813,mols/page_0014.png,0
261,O=[N+]([O-])c1cc([N+](=O)[O-])c(CCO)c([N+](=O)[O-])c1,O=[N+]([O-])c1cc([N+](=O)[O-])c(CCO)c([N+](=O)[O-])c1,1.5998833105991517,-1.6015507007749616,-1.4599814025337956,-1.362230473021355,-1.03213740371915,,-1.4423085246586287,mols/page_0014.png,1
262,O=[N+]([O-])c1cc([N+](=O)[O-])c(Nc2nc(Nc3c([N+](=O)[O-])cc([N+](=O)[O-])cc3[N+](=O)[O-])c([N+](=O)[O-])cc2[N+](=O)[O-])c([N+](=O)[O-])c1,O=[N+]([O-])c1cc([N+](=O)[O-])c(Nc2nc(Nc3c([N+](=O)[O-])cc([N+](=O)[O-])cc3[N+](=O)[O-])c([N+](=O)[O-])cc2[N+](=O)[O-])c([N+](=O)[O-])c1,2.400207645650445,-0.6318178764373722,-0.504739513953656,-0.648713042575753,0.3517264061698979,,-0.4995637309661255,mols/page_0014.png,2
263,O=[N+]([O-])c1cc([N+](=O)[O-])c(-c2cc(-c3c([N+](=O)[O-])cc([N+](=O)[O-])cc3[N+](=O)[O-])c([N+](=O)[O-])cc2[N+](=O)[O-])c([N+](=O)[O-])c1,O=[N+]([O-])c1cc([N+](=O)[O-])c(-c2cc(-c3c([N+](=O)[O-])cc([N+](=O)[O-])cc3[N+](=O)[O-])c([N+](=O)[O-])cc2[N+](=O)[O-])c([N+](=O)[O-])c1,2.326550083696136,-0.8997452688499636,-0.7457103726320133,-0.9569898681495767,0.2211871944894937,,-0.755752703475536,mols/page_0014.png,3
264,O=[N+]([O-])c1cc([N+](=O)[O-])c(Nc2nnc(Nc3c([N+](=O)[O-])cc([N+](=O)[O-])cc3[N+](=O)[O-])nn2)c([N+](=O)[O-])c1,O=[N+]([O-])c1cc([N+](=O)[O-])c(Nc2nnc(Nc3c([N+](=O)[O-])cc([N+](=O)[O-])cc3[N+](=O)[O-])nn2)c([N+](=O)[O-])c1,2.072166943381353,-0.48273686857903875,-0.376805726016521,-0.4973341421604511,0.3707088071780085,,-0.3692622766299318,mols/page_0014.png,4
265,O=[N+]([O-])c1cc([N+](=O)[O-])c(-c2cc([N+](=O)[O-])c(-c3c([N+](=O)[O-])cc([N+](=O)[O-])cc3[N+](=O)[O-])c([N+](=O)[O-])c2)c([N+](=O)[O-])c1,O=[N+]([O-])c1cc([N+](=O)[O-])c(-c2cc([N+](=O)[O-])c(-c3c([N+](=O)[O-])cc([N+](=O)[O-])cc3[N+](=O)[O-])c([N+](=O)[O-])c2)c([N+](=O)[O-])c1,2.326550083696136,-0.9375234247762486,-0.7552763156940283,-0.986898728242812,0.21026208922602044,,-0.7804145665179963,mols/page_0014.png,5
266,O=[N+]([O-])c1cc([N+](=O)[O-])c(-c2ncnc(-c3c([N+](=O)[O-])cc([N+](=O)[O-])cc3[N+](=O)[O-])c2[N+](=O)[O-])c([N+](=O)[O-])c1,O=[N+]([O-])c1cc([N+](=O)[O-])c(-c2ncnc(-c3c([N+](=O)[O-])cc([N+](=O)[O-])cc3[N+](=O)[O-])c2[N+](=O)[O-])c([N+](=O)[O-])c1,2.1277737172742675,-0.8239462001154668,-0.6884434398861417,-0.8616009699893018,0.26674765083762747,,-0.6836396794198185,mols/page_0014.png,6
267,O=[N+]([O-])c1cc([N+](=O)[O-])c(-c2ncc([N+](=O)[O-])c(-c3c([N+](=O)[O-])cc([N+](=O)[O-])cc3[N+](=O)[O-])n2)c([N+](=O)[O-])c1,O=[N+]([O-])c1cc([N+](=O)[O-])c(-c2ncc([N+](=O)[O-])c(-c3c([N+](=O)[O-])cc([N+](=O)[O-])cc3[N+](=O)[O-])n2)c([N+](=O)[O-])c1,2.1277737172742675,-0.8125232711082886,-0.6751125118210557,-0.8509596633768984,0.2810536365799675,,-0.6715514506204455,mols/page_0014.png,7
268,O=[N+]([O-])c1cnc(/N=N/c2ncc([N+](=O)[O-])cc2[N+](=O)[O-])c([N+](=O)[O-])c1,O=[N+]([O-])c1cnc(/N=N/c2ncc([N+](=O)[O-])cc2[N+](=O)[O-])c([N+](=O)[O-])c1,1.6836858610047383,-0.8719107176309591,-0.7559978819213922,-0.7567462167339422,-0.19308393162706705,,-0.7404630630934456,mols/page_0014.png,8
269,Cc1ccc([N+](=O)[O-])c([N+](=O)[O-])c1[N+](=O)[O-],Cc1ccc([N+](=O)[O-])c([N+](=O)[O-])c1[N+](=O)[O-],1.537308431519336,-1.4521130209930202,-1.3377303878374884,-1.1509335472234379,-1.1334560609384174,,-1.310637666598505,mols/page_0014.png,9
270,O=C(c1ccc([N+](=O)[O-])cc1[N+](=O)[O-])c1c([N+](=O)[O-])cc([N+](=O)[O-])cc1[N+](=O)[O-],O=C(c1ccc([N+](=O)[O-])cc1[N+](=O)[O-])c1c([N+](=O)[O-])cc([N+](=O)[O-])cc1[N+](=O)[O-],1.8174622165525827,-1.2303982113169658,-1.020666393724195,-1.2372457207147423,-0.2119965353924049,,-1.0673503757961227,mols/page_0014.png,10
271,Cc1c([N+](=O)[O-])cc([N+](=O)[O-])c(-c2c([N+](=O)[O-])cc([N+](=O)[O-])cc2[N+](=O)[O-])c1[N+](=O)[O-],Cc1c([N+](=O)[O-])cc([N+](=O)[O-])c(-c2c([N+](=O)[O-])cc([N+](=O)[O-])cc2[N+](=O)[O-])c1[N+](=O)[O-],1.9135115308278692,-0.907473422401794,-0.7803532175877332,-0.866844155443124,-0.10001726772438177,,-0.778434428750167,mols/page_0014.png,11
272,O=[N+]([O-])c1cc([N+](=O)[O-])c(CO)c([N+](=O)[O-])c1,O=[N+]([O-])c1cc([N+](=O)[O-])c(CO)c([N+](=O)[O-])c1,1.558407953408093,-1.1398153270352145,-0.998108425548503,-1.0567344298942165,-0.3513902008006925,,-0.9976905196804993,mols/page_0014.png,12
273,O=[N+]([O-])c1cc([N+](=O)[O-])c(Nc2c([N+](=O)[O-])cc([N+](=O)[O-])cc2[N+](=O)[O-])c([N+](=O)[O-])c1,O=[N+]([O-])c1cc([N+](=O)[O-])c(Nc2c([N+](=O)[O-])cc([N+](=O)[O-])cc2[N+](=O)[O-])c([N+](=O)[O-])c1,1.907950530827869,-0.5116202238024851,-0.4379516761440245,-0.5396042743053358,0.23916059675997794,,-0.4214375900744133,mols/page_0014.png,13
274,Cc1c([N+](=O)[O-])c([N+](=O)[O-])c(N)c([N+](=O)[O-])c1[N+](=O)[O-],Cc1c([N+](=O)[O-])c([N+](=O)[O-])c(N)c([N+](=O)[O-])c1[N+](=O)[O-],1.6239038473124212,-0.22055550799302923,-0.18021518305138096,-0.16292109612516703,0.22091167905749623,,-0.14989808883851663,mols/page_0014.png,14
275,O=[N+]([O-])c1cc([N+](=O)[O-])c(CCl)c([N+](=O)[O-])c1,O=[N+]([O-])c1cc([N+](=O)[O-])c(CCl)c([N+](=O)[O-])c1,1.558407953408093,-1.366941494001602,-1.1581951918002331,-1.5141321694924548,-0.22777071225903375,,-1.2271981940396477,mols/page_0014.png,15
276,O=[N+]([O-])c1cc([N+](=O)[O-])c(O)c([N+](=O)[O-])c1O,O=[N+]([O-])c1cc([N+](=O)[O-])c(O)c([N+](=O)[O-])c1O,1.538407953408093,-0.10175390383446645,0.14313209094614168,-0.45577062429912024,1.4428042522708369,,0.037663530094082895,mols/page_0014.png,16
277,O=[N+]([O-])c1cc([N+](=O)[O-])c(-c2c([N+](=O)[O-])cc([N+](=O)[O-])c(O)c2[N+](=O)[O-])c([N+](=O)[O-])c1,O=[N+]([O-])c1cc([N+](=O)[O-])c(-c2c([N+](=O)[O-])cc([N+](=O)[O-])c(O)c2[N+](=O)[O-])c([N+](=O)[O-])c1,1.907950530827869,-0.35970783794264743,-0.1768676779328449,-0.4699364942992625,0.7576488024404197,,-0.2206772899905537,mols/page_0014.png,17
278,O=[N+]([O-])c1cc([N+](=O)[O-])c(/C=N/O)c([N+](=O)[O-])c1,O=[N+]([O-])c1cc([N+](=O)[O-])c(/C=N/O)c([N+](=O)[O-])c1,1.5798833105991517,-0.6624861625208123,-0.6084332762767202,-0.5486138303161737,-0.1668573115269695,,-0.5682393284970407,mols/page_0014.png,18
279,Nc1c([N+](=O)[O-])cc([N+](=O)[O-])c([N+](=O)[O-])c1[N+](=O)[O-],Nc1c([N+](=O)[O-])cc([N+](=O)[O-])c([N+](=O)[O-])c1[N+](=O)[O-],1.581719749037849,0.5461131486650953,0.6336412493610026,0.5110299645609101,0.9944108460296464,,0.6084305525842763,mols/page_0014.png,19
280,O=[N+]([O-])c1cc([N+](=O)[O-])c(-c2c([N+](=O)[O-])cc([N+](=O)[O-])c(O)c2[N+](=O)[O-])c([N+](=O)[O-])c1O,O=[N+]([O-])c1cc([N+](=O)[O-])c(-c2c([N+](=O)[O-])cc([N+](=O)[O-])c(O)c2[N+](=O)[O-])c([N+](=O)[O-])c1O,1.9535676759431462,-0.14274289269419965,0.04843602630285259,-0.3286942399782617,1.1173654239954178,,-0.005866222147137737,mols/page_0015.png,0
281,O=[N+]([O-])c1cc([N+](=O)[O-])c(-c2c([N+](=O)[O-])cc([N+](=O)[O-])c(/N=N/c3c([N+](=O)[O-])cc([N+](=O)[O-])c(-c4c([N+](=O)[O-])cc([N+](=O)[O-])cc4[N+](=O)[O-])c3[N+](=O)[O-])c2[N+](=O)[O-])c([N+](=O)[O-])c1,O=[N+]([O-])c1cc([N+](=O)[O-])c(-c2c([N+](=O)[O-])cc([N+](=O)[O-])c(/N=N/c3c([N+](=O)[O-])cc([N+](=O)[O-])c(-c4c([N+](=O)[O-])cc([N+](=O)[O-])cc4[N+](=O)[O-])c3[N+](=O)[O-])c2[N+](=O)[O-])c([N+](=O)[O-])c1,3.363669799237615,-0.4166991404851327,-0.2577495344304807,-0.4190248903901058,0.5248835693847029,,-0.27543742515799674,mols/page_0015.png,1
282,O=[N+]([O-])c1cc([N+](=O)[O-])c(-c2c([N+](=O)[O-])cc([N+](=O)[O-])c(-c3c([N+](=O)[O-])cc([N+](=O)[O-])c(-c4c([N+](=O)[O-])cc([N+](=O)[O-])cc4[N+](=O)[O-])c3[N+](=O)[O-])c2[N+](=O)[O-])c([N+](=O)[O-])c1,O=[N+]([O-])c1cc([N+](=O)[O-])c(-c2c([N+](=O)[O-])cc([N+](=O)[O-])c(-c3c([N+](=O)[O-])cc([N+](=O)[O-])c(-c4c([N+](=O)[O-])cc([N+](=O)[O-])cc4[N+](=O)[O-])c3[N+](=O)[O-])c2[N+](=O)[O-])c([N+](=O)[O-])c1,3.2237805547995015,-0.610654818555985,-0.4025917368189235,-0.6836559697004915,0.6139473001887226,,-0.4440259699465224,mols/page_0015.png,2
283,O=[N+]([O-])c1cc([N+](=O)[O-])c(-c2cc([N+](=O)[O-])c(-c3c([N+](=O)[O-])cc([N+](=O)[O-])cc3[N+](=O)[O-])cc2[N+](=O)[O-])c([N+](=O)[O-])c1,O=[N+]([O-])c1cc([N+](=O)[O-])c(-c2cc([N+](=O)[O-])c(-c3c([N+](=O)[O-])cc([N+](=O)[O-])cc3[N+](=O)[O-])cc2[N+](=O)[O-])c([N+](=O)[O-])c1,2.326550083696136,-0.9115303691275897,-0.7566568421369971,-0.9657907535291498,0.21913368613633918,,-0.765567001604409,mols/page_0015.png,3
284,O=[N+]([O-])c1cc([N+](=O)[O-])c(-c2c([N+](=O)[O-])cc([N+](=O)[O-])c(-c3c([N+](=O)[O-])cc([N+](=O)[O-])cc3[N+](=O)[O-])c2[N+](=O)[O-])c([N+](=O)[O-])c1,O=[N+]([O-])c1cc([N+](=O)[O-])c(-c2c([N+](=O)[O-])cc([N+](=O)[O-])c(-c3c([N+](=O)[O-])cc([N+](=O)[O-])cc3[N+](=O)[O-])c2[N+](=O)[O-])c([N+](=O)[O-])c1,2.4666226336239,-0.6009571132145402,-0.42238609676125927,-0.6698241518267948,0.5034313255928639,,-0.45416372405087907,mols/page_0015.png,4
285,O=[N+]([O-])c1cc([N+](=O)[O-])c(Cc2c([N+](=O)[O-])cc([N+](=O)[O-])cc2[N+](=O)[O-])c([N+](=O)[O-])c1,O=[N+]([O-])c1cc([N+](=O)[O-])c(Cc2c([N+](=O)[O-])cc([N+](=O)[O-])cc2[N+](=O)[O-])c([N+](=O)[O-])c1,1.907950530827869,-0.8631675417767027,-0.7681019238070605,-0.8224698531344755,-0.21704152908053648,,-0.7598608329556366,mols/page_0015.png,5
286,O=[N+]([O-])c1cc([N+](=O)[O-])c(/C=C/c2c([N+](=O)[O-])cc([N+](=O)[O-])cc2[N+](=O)[O-])c([N+](=O)[O-])c1,O=[N+]([O-])c1cc([N+](=O)[O-])c(/C=C/c2c([N+](=O)[O-])cc([N+](=O)[O-])cc2[N+](=O)[O-])c([N+](=O)[O-])c1,1.9688776759431466,-1.1349719737113317,-1.013078289564277,-1.0689134509867997,-0.40261402991766326,,-1.0086534434067154,mols/page_0015.png,6
287,Cc1c([N+](=O)[O-])c(N)c([N+](=O)[O-])c([N+](=O)[O-])c1[N+](=O)[O-],Cc1c([N+](=O)[O-])c(N)c([N+](=O)[O-])c([N+](=O)[O-])c1[N+](=O)[O-],1.6239038473124212,-0.18115818723292074,-0.17038987222636487,-0.1349296773260872,0.17991008472414738,,-0.13026373805853875,mols/page_0015.png,7
288,O=[N+]([O-])c1cc([N+](=O)[O-])c(/N=N/c2c([N+](=O)[O-])cc([N+](=O)[O-])cc2[N+](=O)[O-])c([N+](=O)[O-])c1,O=[N+]([O-])c1cc([N+](=O)[O-])c(/N=N/c2c([N+](=O)[O-])cc([N+](=O)[O-])cc2[N+](=O)[O-])c([N+](=O)[O-])c1,1.9811276759431464,-0.3597997555969693,-0.29713670128749986,-0.3227910105105242,0.17995539170629807,,-0.27777313830219047,mols/page_0015.png,8
289,Cc1c(N)c([N+](=O)[O-])c([N+](=O)[O-])c([N+](=O)[O-])c1[N+](=O)[O-],Cc1c(N)c([N+](=O)[O-])c([N+](=O)[O-])c([N+](=O)[O-])c1[N+](=O)[O-],1.6239038473124212,-0.17227674208669302,-0.17565708209322167,-0.09073314806596275,0.1077678994968971,,-0.12490048142511002,mols/page_0015.png,9
290,O=Cc1c([N+](=O)[O-])cc([N+](=O)[O-])cc1[N+](=O)[O-],O=Cc1c([N+](=O)[O-])cc([N+](=O)[O-])cc1[N+](=O)[O-],1.558407953408093,-1.0710004287872248,-0.9336823675906325,-1.118472725912222,-0.3108477988540061,,-0.9656578217161745,mols/page_0015.png,10
291,O=[N+]([O-])c1cc([N+](=O)[O-])c(/N=N/c2nc(/N=N/c3c([N+](=O)[O-])cc([N+](=O)[O-])cc3[N+](=O)[O-])c([N+](=O)[O-])cc2[N+](=O)[O-])c([N+](=O)[O-])c1,O=[N+]([O-])c1cc([N+](=O)[O-])c(/N=N/c2nc(/N=N/c3c([N+](=O)[O-])cc([N+](=O)[O-])cc3[N+](=O)[O-])c([N+](=O)[O-])cc2[N+](=O)[O-])c([N+](=O)[O-])c1,2.564407701043694,-0.3802934644058588,-0.31086690238676246,-0.3776436234878412,0.30102544411720683,,-0.29067114471831895,mols/page_0015.png,11
292,C=Cc1c([N+](=O)[O-])cc([N+](=O)[O-])cc1[N+](=O)[O-],C=Cc1c([N+](=O)[O-])cc([N+](=O)[O-])cc1[N+](=O)[O-],1.578407953408093,-1.958964250585259,-1.7837800147691516,-1.6353917480190396,-1.4870488928248853,,-1.7783243184228346,mols/page_0015.png,12
293,O=[N+]([O-])c1cc([N+](=O)[O-])c([N+](=O)[O-])cc1[N+](=O)[O-],O=[N+]([O-])c1cc([N+](=O)[O-])c([N+](=O)[O-])cc1[N+](=O)[O-],1.5598833105991516,0.4107773654222771,0.45699135997792056,0.39431098732408154,0.7298046006262391,,0.4524276927848174,mols/page_0015.png,13
294,O=[N+]([O-])c1c(O)c([N+](=O)[O-])c(O)c([N+](=O)[O-])c1O,O=[N+]([O-])c1c(O)c([N+](=O)[O-])c(O)c([N+](=O)[O-])c1O,1.5598833105991516,0.30329027457605146,0.6814224130701219,-0.2851568591499441,2.3568775152132546,,0.47497685675649404,mols/page_0015.png,14
295,Cc1c([N+](=O)[O-])c([N+](=O)[O-])cc([N+](=O)[O-])c1[N+](=O)[O-],Cc1c([N+](=O)[O-])c([N+](=O)[O-])cc([N+](=O)[O-])c1[N+](=O)[O-],1.601719749037849,-0.33781808065743363,-0.3443643128620368,-0.26435293456209497,-0.09293101081340668,,-0.2969269568105772,mols/page_0015.png,15
296,Nc1c([N+](=O)[O-])c([N+](=O)[O-])c(-c2c([N+](=O)[O-])c([N+](=O)[O-])c(N)c([N+](=O)[O-])c2[N+](=O)[O-])c([N+](=O)[O-])c1[N+](=O)[O-],Nc1c([N+](=O)[O-])c([N+](=O)[O-])c(-c2c([N+](=O)[O-])c([N+](=O)[O-])c(N)c([N+](=O)[O-])c2[N+](=O)[O-])c([N+](=O)[O-])c1[N+](=O)[O-],2.232166943381353,0.8675405439978956,1.0734976724049468,0.9042155864621232,1.5614056864110482,,1.007882957377383,mols/page_0015.png,16
297,O=[N+]([O-])c1cc([N+](=O)[O-])[n+]([O-])c([N+](=O)[O-])c1,O=[N+]([O-])c1cc([N+](=O)[O-])[n+]([O-])c([N+](=O)[O-])c1,1.497308431519336,0.7866561506785662,0.8060562892343947,0.803490362308749,0.8462655859880879,,0.8026456886838127,mols/page_0015.png,17
298,Cc1c([N+](=O)[O-])cc([N+](=O)[O-])c([N+](=O)[O-])c1[N+](=O)[O-],Cc1c([N+](=O)[O-])cc([N+](=O)[O-])c([N+](=O)[O-])c1[N+](=O)[O-],1.601719749037849,-0.3160186697845875,-0.34178884208238447,-0.21400823412757655,-0.12897577639686317,,-0.2795428232209014,mols/page_0015.png,18
299,Cc1c([N+](=O)[O-])c([N+](=O)[O-])c([N+](=O)[O-])c([N+](=O)[O-])c1[N+](=O)[O-],Cc1c([N+](=O)[O-])c([N+](=O)[O-])c([N+](=O)[O-])c([N+](=O)[O-])c1[N+](=O)[O-],1.6692669435287095,0.8265594113479335,0.865445118593094,0.888728732852042,0.7559357087099109,,0.8467050836337064,mols/page_0015.png,19
300,Nc1c([N+](=O)[O-])c([N+](=O)[O-])c([N+](=O)[O-])c([N+](=O)[O-])c1[N+](=O)[O-],Nc1c([N+](=O)[O-])c([N+](=O)[O-])c([N+](=O)[O-])c([N+](=O)[O-])c1[N+](=O)[O-],1.6692669435287095,1.5663158358141804,1.8419366374705362,1.6686791007280564,1.8548210498971427,,1.703443413947852,mols/page_0016.png,0
301,Cc1cc([N+](=O)[O-])c([N+](=O)[O-])c([N+](=O)[O-])c1[N+](=O)[O-],Cc1cc([N+](=O)[O-])c([N+](=O)[O-])c([N+](=O)[O-])c1[N+](=O)[O-],1.601719749037849,-0.29584078060849617,-0.32117102143436305,-0.19279144618773972,-0.14280420205707428,,-0.26237386139592495,mols/page_0016.png,1
302,O=[N+]([O-])c1c([N+](=O)[O-])c([N+](=O)[O-])c([N+](=O)[O-])c([N+](=O)[O-])c1[N+](=O)[O-],O=[N+]([O-])c1c([N+](=O)[O-])c([N+](=O)[O-])c([N+](=O)[O-])c([N+](=O)[O-])c1[N+](=O)[O-],1.755885732905358,2.2677653814365475,2.6100983473411934,2.4185038776405947,2.351437003816078,,2.4165170574969057,mols/page_0016.png,2
303,O=[N+]([O-])c1cc([N+](=O)[O-])c([N+](=O)[O-])c([N+](=O)[O-])c1[N+](=O)[O-],O=[N+]([O-])c1cc([N+](=O)[O-])c([N+](=O)[O-])c([N+](=O)[O-])c1[N+](=O)[O-],1.6264233350354178,1.4590565750513167,1.6386280861415554,1.5661752505073339,1.5135333494601977,,1.5451553746832807,mols/page_0016.png,3
