epoch,loss,recon,kl,atom_ce,prop_mse,kl_w
1,3.291868,0.949708,177.129520,0.294570,0.148173,0.0000
2,2.414793,0.735392,242.761700,0.099701,0.108917,0.0000
3,2.331243,0.714965,264.368876,0.083891,0.102458,0.0000
4,2.276378,0.700464,275.116023,0.075545,0.099440,0.0000
5,2.236170,0.689612,280.212298,0.069940,0.097392,0.0000
6,2.206443,0.681420,283.166941,0.066424,0.095759,0.0000
7,2.180789,0.674315,284.423225,0.062862,0.094982,0.0000
8,2.159176,0.668044,284.985328,0.060708,0.094336,0.0000
9,2.137867,0.661888,285.507746,0.058532,0.093670,0.0000
10,2.117014,0.655808,285.662257,0.056694,0.092896,0.0000
11,2.097975,0.650045,285.866595,0.055363,0.092476,0.0000
12,2.081184,0.645115,286.331418,0.054191,0.091648,0.0000
13,2.067568,0.641139,286.952188,0.053065,0.091086,0.0000
14,2.053680,0.636938,287.512252,0.052224,0.090641,0.0000
15,2.041399,0.633216,287.990878,0.051583,0.090169,0.0000
16,2.031866,0.630339,288.254883,0.050906,0.089942,0.0000
17,2.021293,0.626942,288.373345,0.050730,0.089737,0.0000
18,2.010918,0.623875,288.686255,0.050219,0.089074,0.0000
19,2.003330,0.621242,288.849182,0.050097,0.089506,0.0000
20,1.992812,0.618049,289.034655,0.049368,0.089296,0.0000
21,1.985311,0.615723,289.404586,0.049069,0.089073,0.0000
22,1.977673,0.613240,289.619590,0.049050,0.088901,0.0000
23,1.971355,0.611427,289.837376,0.048683,0.088390,0.0000
24,1.962933,0.608922,290.088457,0.048166,0.088001,0.0000
25,1.957747,0.607087,290.277023,0.048263,0.088222,0.0000
26,1.951466,0.605126,290.463367,0.048060,0.088028,0.0000
27,1.946148,0.603491,290.674300,0.047888,0.087787,0.0000
28,1.940039,0.601672,290.878582,0.047297,0.087728,0.0000
29,1.936474,0.600464,291.001588,0.047390,0.087691,0.0000
30,1.932055,0.599173,291.185765,0.047014,0.087524,0.0000
31,1.928269,0.598043,291.349847,0.046533,0.087606,0.0000
32,1.923134,0.596529,291.507282,0.046551,0.086995,0.0000
33,1.920465,0.595716,291.672191,0.046272,0.087044,0.0000
34,1.915714,0.594209,291.780621,0.046124,0.086962,0.0000
35,1.911606,0.592826,291.910714,0.046242,0.086885,0.0000
36,1.907993,0.591767,292.055792,0.045975,0.086718,0.0000
37,1.905475,0.590923,292.155095,0.045641,0.087064,0.0000
38,1.902853,0.590046,292.226407,0.045659,0.087057,0.0000
39,1.898489,0.588834,292.415536,0.045530,0.086457,0.0000
40,1.896929,0.588347,292.466405,0.045399,0.086491,0.0000
41,1.894415,0.587530,292.509480,0.045376,0.086450,0.0000
42,1.889699,0.585968,292.682106,0.045579,0.086217,0.0000
43,1.887863,0.585566,292.782560,0.045131,0.086033,0.0000
44,1.884621,0.584287,292.910931,0.045298,0.086461,0.0000
45,1.883570,0.584059,292.985369,0.045100,0.086294,0.0000
46,1.880151,0.583026,293.071930,0.044666,0.086408,0.0000
47,1.876582,0.581972,293.179425,0.044504,0.086162,0.0000
48,1.874761,0.581398,293.240431,0.044548,0.086019,0.0000
49,1.873924,0.581039,293.360837,0.044653,0.086155,0.0000
50,1.871283,0.580095,293.471586,0.044650,0.086348,0.0000
51,2.796449,0.628004,137.121297,0.068543,0.112581,0.0053
52,3.067987,0.663894,80.258248,0.078993,0.141222,0.0107
53,3.343786,0.702375,63.542677,0.081072,0.138906,0.0160
54,3.585639,0.740809,54.162808,0.081167,0.126573,0.0213
55,3.812454,0.776669,47.988846,0.081832,0.120912,0.0267
56,4.019248,0.806627,43.680558,0.081896,0.119694,0.0320
57,4.215652,0.835551,40.336989,0.082280,0.120805,0.0373
58,4.399157,0.863035,37.629968,0.082394,0.122111,0.0427
59,4.572305,0.888915,35.391839,0.083111,0.123641,0.0480
60,4.738853,0.914197,33.512651,0.084426,0.124494,0.0533
61,4.902641,0.939917,31.907050,0.085559,0.125452,0.0587
62,5.051469,0.964013,30.413027,0.086773,0.126222,0.0640
63,5.199064,0.988748,29.101747,0.088375,0.126723,0.0693
64,5.337367,1.011081,27.946556,0.089374,0.128074,0.0747
65,5.472228,1.034822,26.854682,0.090821,0.128567,0.0800
66,5.608900,1.058175,25.923301,0.092922,0.129332,0.0853
67,5.727136,1.079391,24.987430,0.093970,0.129468,0.0907
68,5.855364,1.102631,24.181170,0.095724,0.130356,0.0960
69,5.971834,1.124230,23.399287,0.096732,0.131285,0.1013
70,6.097167,1.147234,22.728213,0.099378,0.131743,0.1067
71,6.200803,1.167762,22.006159,0.100364,0.132463,0.1120
72,6.309792,1.188267,21.385222,0.102864,0.132928,0.1173
73,6.424281,1.210945,20.811275,0.105201,0.133394,0.1227
74,6.522679,1.230881,20.232969,0.106126,0.134091,0.1280
75,6.622280,1.250802,19.702938,0.108105,0.134711,0.1333
76,6.726464,1.271573,19.227133,0.110631,0.134952,0.1387
77,6.818983,1.290771,18.736904,0.112761,0.135795,0.1440
78,6.919541,1.311650,18.310472,0.114088,0.136139,0.1493
79,7.003333,1.329391,17.856071,0.116641,0.136781,0.1547
80,7.102469,1.350087,17.475729,0.118736,0.137355,0.1600
81,7.185627,1.368126,17.073845,0.120902,0.137470,0.1653
82,7.268474,1.386731,16.681708,0.122879,0.138392,0.1707
83,7.360220,1.405711,16.357944,0.125355,0.138734,0.1760
84,7.440884,1.424328,15.998109,0.127449,0.139461,0.1813
85,7.517835,1.441994,15.658190,0.128809,0.140184,0.1867
86,7.599392,1.460142,15.349538,0.131523,0.140332,0.1920
87,7.678585,1.477860,15.053842,0.133241,0.141138,0.1973
88,7.750933,1.494455,14.755537,0.135369,0.141745,0.2027
89,7.828382,1.512522,14.474644,0.137820,0.142269,0.2080
90,7.908818,1.531493,14.215300,0.138918,0.142823,0.2133
91,7.977127,1.546780,13.950926,0.142758,0.143428,0.2187
92,8.044203,1.562507,13.696279,0.144930,0.143785,0.2240
93,8.119770,1.580796,13.455205,0.147161,0.144495,0.2293
94,8.182153,1.596121,13.208185,0.149416,0.144853,0.2347
95,8.245720,1.611627,12.976049,0.151280,0.145306,0.2400
96,8.318414,1.629078,12.768230,0.153006,0.145702,0.2453
97,8.390861,1.646697,12.562772,0.155226,0.146475,0.2507
98,8.447375,1.660973,12.343837,0.157394,0.147038,0.2560
99,8.518808,1.677434,12.165247,0.159706,0.147614,0.2613
100,8.572880,1.692316,11.947739,0.161613,0.148256,0.2667
101,8.633951,1.707469,11.759359,0.164135,0.148864,0.2720
102,8.692248,1.723226,11.564496,0.166347,0.149004,0.2773
103,8.755027,1.737273,11.409487,0.168508,0.149618,0.2827
104,8.806708,1.752697,11.207766,0.170544,0.150238,0.2880
105,8.866051,1.766919,11.052118,0.172704,0.150634,0.2933
106,8.910759,1.779397,10.870568,0.174430,0.151461,0.2987
107,8.976447,1.796184,10.719721,0.177543,0.151556,0.3040
108,9.032455,1.810180,10.575103,0.178814,0.151870,0.3093
109,9.083641,1.823752,10.418440,0.181378,0.152671,0.3147
110,9.137637,1.839029,10.265435,0.182492,0.153117,0.3200
111,9.191698,1.852942,10.129771,0.184008,0.153312,0.3253
112,9.242419,1.866157,9.987387,0.187817,0.153634,0.3307
113,9.295069,1.881174,9.846274,0.188837,0.154361,0.3360
114,9.340833,1.893736,9.705847,0.192028,0.154668,0.3413
115,9.389292,1.906973,9.575158,0.194179,0.154805,0.3467
116,9.451730,1.922794,9.468061,0.195380,0.155212,0.3520
117,9.489855,1.935797,9.316874,0.197533,0.155699,0.3573
118,9.533739,1.947871,9.196559,0.198884,0.155957,0.3627
119,9.585618,1.961379,9.089245,0.200687,0.155952,0.3680
120,9.637039,1.976186,8.970017,0.202815,0.156859,0.3733
121,9.681787,1.988576,8.856534,0.204983,0.157401,0.3787
122,9.720271,2.001017,8.731869,0.206761,0.157422,0.3840
123,9.766128,2.014222,8.621339,0.208744,0.158144,0.3893
124,9.818633,2.027658,8.528968,0.210914,0.158645,0.3947
125,9.850525,2.039911,8.393783,0.214237,0.159042,0.4000
126,9.898890,2.053145,8.304928,0.214295,0.158895,0.4053
127,9.936674,2.064216,8.200400,0.216690,0.159704,0.4107
128,9.976741,2.076730,8.097015,0.218170,0.160024,0.4160
129,10.024518,2.089583,8.008572,0.220914,0.160575,0.4213
130,10.060639,2.101635,7.903060,0.222486,0.161274,0.4267
131,10.103649,2.113357,7.817943,0.225382,0.160845,0.4320
132,10.140167,2.125343,7.723368,0.225165,0.161286,0.4373
133,10.183011,2.137800,7.634476,0.228217,0.161865,0.4427
134,10.219826,2.149347,7.542188,0.231027,0.161858,0.4480
135,10.263217,2.162643,7.457075,0.232249,0.162497,0.4533
136,10.301957,2.173189,7.383977,0.233197,0.162407,0.4587
137,10.340640,2.186097,7.291486,0.236152,0.162949,0.4640
138,10.372022,2.196662,7.203556,0.238284,0.162884,0.4693
139,10.418283,2.209712,7.132767,0.239751,0.163707,0.4747
140,10.440553,2.219195,7.036478,0.241205,0.164252,0.4800
141,10.488126,2.231692,6.972240,0.244989,0.164200,0.4853
142,10.522067,2.242679,6.895772,0.245989,0.164516,0.4907
143,10.562757,2.256250,6.818903,0.247166,0.164664,0.4960
144,10.601654,2.267346,6.752831,0.249001,0.165194,0.5013
145,10.625784,2.276249,6.670005,0.251951,0.165618,0.5067
146,10.664328,2.288809,6.598659,0.253791,0.165596,0.5120
147,10.694774,2.298726,6.523533,0.257504,0.166251,0.5173
148,10.732010,2.310312,6.459963,0.258554,0.166113,0.5227
149,10.767376,2.321853,6.392386,0.259830,0.166807,0.5280
150,10.796804,2.332787,6.316478,0.262527,0.167126,0.5333
151,10.828997,2.343989,6.247046,0.264754,0.167201,0.5387
152,10.852434,2.352371,6.179938,0.265872,0.167562,0.5440
153,10.899822,2.364909,6.132253,0.268532,0.167912,0.5493
154,10.933565,2.376532,6.068855,0.269185,0.168593,0.5547
155,10.959251,2.386574,5.998829,0.272108,0.168076,0.5600
156,10.990750,2.396810,5.937583,0.274230,0.169377,0.5653
157,11.019268,2.406789,5.876613,0.276500,0.168814,0.5707
158,11.038697,2.416243,5.802229,0.278498,0.169387,0.5760
159,11.075648,2.427666,5.749217,0.280798,0.169642,0.5813
160,11.110312,2.439518,5.692181,0.282319,0.170027,0.5867
161,11.144483,2.449934,5.639597,0.285549,0.170490,0.5920
162,11.167516,2.458659,5.579128,0.288221,0.170720,0.5973
163,11.204662,2.470989,5.525641,0.290721,0.170853,0.6027
164,11.226479,2.480243,5.466532,0.291226,0.170872,0.6080
165,11.253577,2.488549,5.417192,0.294063,0.171323,0.6133
166,11.276356,2.496923,5.362292,0.296728,0.171389,0.6187
167,11.312957,2.510030,5.307733,0.298995,0.171846,0.6240
168,11.339341,2.520833,5.248116,0.301861,0.172167,0.6293
169,11.356147,2.527706,5.194856,0.303349,0.172677,0.6347
170,11.386674,2.538160,5.147988,0.304816,0.172667,0.6400
171,11.428259,2.551792,5.101118,0.307992,0.172969,0.6453
172,11.437738,2.557863,5.042631,0.310015,0.173062,0.6507
173,11.472682,2.568578,5.004222,0.310888,0.173290,0.6560
174,11.502515,2.579918,4.952030,0.313980,0.173839,0.6613
175,11.519660,2.588570,4.894275,0.317162,0.173939,0.6667
176,11.553260,2.599564,4.854750,0.317875,0.174301,0.6720
177,11.577077,2.607943,4.808864,0.321036,0.175008,0.6773
178,11.601245,2.616987,4.763530,0.323788,0.174593,0.6827
179,11.622283,2.626898,4.708850,0.326414,0.175486,0.6880
180,11.639332,2.636257,4.654171,0.328467,0.175201,0.6933
181,11.681831,2.648081,4.626073,0.329123,0.176380,0.6987
182,11.703671,2.655645,4.586227,0.331660,0.176371,0.7040
183,11.729369,2.667210,4.535254,0.334134,0.176598,0.7093
184,11.739451,2.673454,4.485881,0.336982,0.176197,0.7147
185,11.767993,2.681777,4.454090,0.339044,0.176672,0.7200
186,11.780285,2.690926,4.396861,0.341328,0.176990,0.7253
187,11.811783,2.701014,4.362672,0.343795,0.177285,0.7307
188,11.814940,2.707165,4.306964,0.345961,0.177558,0.7360
189,11.853551,2.719496,4.274098,0.348690,0.177842,0.7413
190,11.876991,2.727699,4.238498,0.351420,0.177729,0.7467
191,11.907177,2.739101,4.200797,0.352895,0.177979,0.7520
192,11.920733,2.745926,4.157449,0.356280,0.178100,0.7573
193,11.952085,2.756861,4.123659,0.357956,0.178570,0.7627
194,11.971021,2.764075,4.087198,0.360861,0.178966,0.7680
195,11.992767,2.773253,4.046695,0.363987,0.179577,0.7733
196,12.010146,2.783914,3.995865,0.367694,0.179262,0.7787
197,12.044458,2.795461,3.966388,0.368513,0.179913,0.7840
198,12.057147,2.801980,3.927786,0.370836,0.180039,0.7893
199,12.082798,2.811211,3.893904,0.374349,0.180462,0.7947
200,12.095258,2.818947,3.850739,0.376982,0.180843,0.8000
201,12.091427,2.820471,3.839101,0.377540,0.181193,0.8000
202,12.095262,2.819798,3.845664,0.378354,0.180982,0.8000
203,12.099292,2.823066,3.841255,0.376095,0.180996,0.8000
204,12.080210,2.818030,3.834312,0.377541,0.181129,0.8000
205,12.088159,2.820393,3.835764,0.376926,0.181441,0.8000
206,12.079957,2.820038,3.825951,0.377921,0.181162,0.8000
207,12.093095,2.820841,3.841801,0.376538,0.180592,0.8000
208,12.080902,2.818181,3.834900,0.377351,0.181088,0.8000
209,12.087693,2.820480,3.837277,0.375775,0.180655,0.8000
210,12.088264,2.818632,3.845551,0.374879,0.181047,0.8000
211,12.081849,2.817064,3.842777,0.375654,0.180782,0.8000
212,12.093346,2.821791,3.839267,0.375571,0.180990,0.8000
213,12.088473,2.820860,3.834629,0.377470,0.180719,0.8000
214,12.074916,2.818185,3.827145,0.377592,0.181053,0.8000
215,12.099178,2.823696,3.836649,0.377721,0.181051,0.8000
216,12.090810,2.820819,3.838637,0.376438,0.181006,0.8000
217,12.092407,2.821855,3.834394,0.378252,0.181075,0.8000
218,12.088640,2.820635,3.835569,0.377784,0.180497,0.8000
219,12.087869,2.821155,3.833322,0.377168,0.180580,0.8000
220,12.088059,2.822276,3.830680,0.375876,0.180811,0.8000
221,12.083689,2.821913,3.824893,0.377379,0.180658,0.8000
222,12.084083,2.822083,3.824368,0.377455,0.180883,0.8000
223,12.076239,2.819733,3.823279,0.377263,0.181153,0.8000
224,12.087243,2.822387,3.827780,0.376730,0.181128,0.8000
225,12.073778,2.819108,3.821479,0.377927,0.181345,0.8000
226,12.072786,2.820012,3.819446,0.376293,0.180900,0.8000
227,12.086724,2.821861,3.829010,0.376458,0.181476,0.8000
228,12.079268,2.820552,3.827090,0.374798,0.181143,0.8000
229,12.083506,2.820172,3.832927,0.375236,0.181413,0.8000
230,12.082159,2.819977,3.831413,0.375849,0.181248,0.8000
231,12.089088,2.822037,3.833308,0.375076,0.181254,0.8000
232,12.075882,2.819121,3.828774,0.374692,0.180807,0.8000
233,12.079526,2.819771,3.827804,0.376704,0.181265,0.8000
234,12.080941,2.820979,3.826296,0.375736,0.181233,0.8000
235,12.071750,2.819490,3.819083,0.377086,0.180930,0.8000
236,12.084544,2.821995,3.829035,0.374618,0.180711,0.8000
237,12.083598,2.821125,3.828998,0.376019,0.181006,0.8000
238,12.076310,2.819102,3.827780,0.375858,0.180921,0.8000
239,12.082856,2.821781,3.826751,0.375241,0.180870,0.8000
240,12.086163,2.822289,3.828385,0.375295,0.181292,0.8000
241,12.079637,2.820619,3.826390,0.375720,0.180948,0.8000
242,12.084551,2.821078,3.832212,0.374637,0.180909,0.8000
243,12.072396,2.820364,3.819172,0.375236,0.180731,0.8000
244,12.081534,2.820926,3.827207,0.376015,0.180976,0.8000
245,12.080763,2.823059,3.820886,0.374093,0.180785,0.8000
246,12.073580,2.820025,3.821533,0.375483,0.180795,0.8000
247,12.076318,2.821286,3.821022,0.374957,0.180687,0.8000
248,12.086856,2.822582,3.830172,0.374291,0.180681,0.8000
249,12.074530,2.820535,3.823292,0.373607,0.180686,0.8000
250,12.088670,2.824618,3.825465,0.373710,0.180733,0.8000
251,12.069226,2.820752,3.813905,0.374963,0.180883,0.8000
252,12.092669,2.823987,3.831281,0.374902,0.180783,0.8000
253,12.073757,2.821357,3.817580,0.374865,0.180756,0.8000
254,12.073217,2.821157,3.818265,0.374267,0.180866,0.8000
255,12.067873,2.820157,3.816593,0.373340,0.180787,0.8000
256,12.082330,2.823430,3.821463,0.374205,0.180665,0.8000
257,12.086471,2.824554,3.822973,0.373924,0.180509,0.8000
258,12.083145,2.822371,3.826897,0.373891,0.180624,0.8000
259,12.074372,2.822456,3.814882,0.374002,0.181096,0.8000
260,12.073644,2.821017,3.820211,0.373075,0.181348,0.8000
261,12.078525,2.822832,3.818819,0.373846,0.181127,0.8000
262,12.069836,2.819739,3.819125,0.373899,0.181420,0.8000
263,12.082476,2.822657,3.825378,0.373347,0.180855,0.8000
264,12.079991,2.823732,3.817105,0.373990,0.181121,0.8000
265,12.082220,2.823029,3.825354,0.372196,0.180653,0.8000
266,12.067380,2.820466,3.813955,0.373631,0.181187,0.8000
267,12.080932,2.822292,3.825600,0.373156,0.180420,0.8000
268,12.068051,2.819859,3.818894,0.372279,0.181079,0.8000
269,12.071384,2.820258,3.821170,0.372920,0.180755,0.8000
270,12.080525,2.823184,3.821190,0.372771,0.181249,0.8000
271,12.086045,2.823384,3.828715,0.371927,0.180994,0.8000
272,12.077416,2.820332,3.828707,0.372659,0.180795,0.8000
273,12.077766,2.823126,3.818368,0.373011,0.180681,0.8000
274,12.069099,2.821096,3.813644,0.373924,0.180973,0.8000
275,12.086355,2.823244,3.828221,0.373430,0.180615,0.8000
276,12.075103,2.821081,3.821805,0.373428,0.180988,0.8000
277,12.074081,2.820665,3.822864,0.373400,0.180394,0.8000
278,12.077856,2.822235,3.823808,0.371208,0.180897,0.8000
279,12.069921,2.819355,3.822133,0.373455,0.180695,0.8000
280,12.071990,2.819241,3.824828,0.373762,0.180643,0.8000
281,12.075902,2.819358,3.829191,0.373469,0.181005,0.8000
282,12.071649,2.821411,3.817687,0.372662,0.180606,0.8000
283,12.078035,2.821008,3.826432,0.373288,0.180578,0.8000
284,12.073546,2.820350,3.824642,0.372218,0.180564,0.8000
285,12.055508,2.816037,3.817383,0.372828,0.180662,0.8000
286,12.078973,2.821730,3.825752,0.372178,0.181005,0.8000
287,12.062335,2.817317,3.822391,0.371658,0.180814,0.8000
288,12.071079,2.819000,3.824568,0.373582,0.180841,0.8000
289,12.078455,2.819694,3.831732,0.373124,0.180863,0.8000
290,12.066484,2.819431,3.816863,0.373612,0.181090,0.8000
291,12.066148,2.817551,3.825452,0.372542,0.180591,0.8000
292,12.066875,2.818103,3.825386,0.371698,0.180560,0.8000
293,12.061732,2.817117,3.821795,0.372209,0.180736,0.8000
294,12.058583,2.816593,3.819570,0.372569,0.180580,0.8000
295,12.075168,2.819694,3.829673,0.371317,0.181030,0.8000
296,12.073438,2.817734,3.835853,0.371268,0.180285,0.8000
297,12.073086,2.818022,3.833178,0.371993,0.180486,0.8000
298,12.074519,2.819446,3.827733,0.373492,0.180504,0.8000
299,12.074087,2.819800,3.826368,0.373458,0.180134,0.8000
300,12.065315,2.819093,3.818424,0.372558,0.180739,0.8000
301,12.071165,2.818986,3.826279,0.372671,0.180511,0.8000
302,12.061148,2.817399,3.818798,0.373375,0.180539,0.8000
303,12.081251,2.820746,3.833356,0.372194,0.180135,0.8000
304,12.072595,2.818042,3.833780,0.371181,0.180263,0.8000
305,12.074668,2.819786,3.828342,0.371965,0.180673,0.8000
306,12.071519,2.817913,3.833112,0.371095,0.180196,0.8000
307,12.066114,2.817747,3.825689,0.371956,0.180365,0.8000
308,12.072154,2.819188,3.826787,0.372744,0.180417,0.8000
309,12.059642,2.814638,3.828775,0.372192,0.180517,0.8000
310,12.067312,2.816386,3.831347,0.372516,0.180560,0.8000
311,12.052406,2.815196,3.817193,0.372418,0.180646,0.8000
312,12.071487,2.817606,3.833478,0.371448,0.180439,0.8000
313,12.071460,2.817785,3.832079,0.371977,0.180466,0.8000
314,12.071840,2.817758,3.831693,0.372661,0.180552,0.8000
315,12.063365,2.815588,3.831240,0.371201,0.180407,0.8000
316,12.064814,2.815869,3.830811,0.371769,0.180789,0.8000
317,12.071140,2.817925,3.831343,0.371664,0.180628,0.8000
318,12.065876,2.817999,3.823825,0.372111,0.180707,0.8000
319,12.074367,2.817946,3.834710,0.371743,0.181019,0.8000
320,12.070684,2.817892,3.830350,0.372085,0.180643,0.8000
321,12.080698,2.819891,3.835879,0.371887,0.180435,0.8000
322,12.068931,2.816713,3.834109,0.370771,0.180732,0.8000
323,12.069319,2.816048,3.836612,0.371487,0.180399,0.8000
324,12.065836,2.815807,3.832017,0.372280,0.180522,0.8000
325,12.081535,2.819041,3.842074,0.370674,0.180078,0.8000
326,12.074845,2.816065,3.843455,0.371497,0.180387,0.8000
327,12.071529,2.817900,3.832520,0.371425,0.180389,0.8000
328,12.065934,2.816536,3.830877,0.371086,0.180539,0.8000
329,12.058365,2.815215,3.824320,0.372922,0.180342,0.8000
330,12.063771,2.815329,3.831823,0.371694,0.180633,0.8000
331,12.074334,2.818218,3.833902,0.371874,0.180686,0.8000
332,12.071548,2.816386,3.836042,0.372839,0.180719,0.8000
333,12.072948,2.816748,3.838911,0.370771,0.180804,0.8000
334,12.079823,2.820010,3.833478,0.372240,0.180769,0.8000
335,12.072498,2.818779,3.830038,0.371257,0.180875,0.8000
336,12.074807,2.818379,3.836502,0.369965,0.180504,0.8000
337,12.075542,2.816565,3.844279,0.369845,0.180579,0.8000
338,12.064730,2.815335,3.833496,0.370961,0.180967,0.8000
339,12.075970,2.817353,3.840162,0.370676,0.181104,0.8000
340,12.069801,2.817526,3.829896,0.372628,0.180678,0.8000
341,12.069249,2.817012,3.831669,0.371636,0.181240,0.8000
342,12.066433,2.814691,3.839419,0.370413,0.180411,0.8000
343,12.072285,2.817830,3.834045,0.370700,0.180860,0.8000
344,12.063789,2.815221,3.833463,0.370334,0.181020,0.8000
345,12.074430,2.815619,3.843863,0.371276,0.181206,0.8000
346,12.075757,2.818097,3.837652,0.370139,0.181205,0.8000
347,12.066430,2.816913,3.829860,0.370496,0.181306,0.8000
348,12.064199,2.814363,3.836935,0.370396,0.181168,0.8000
349,12.060620,2.814789,3.829290,0.371304,0.181516,0.8000
350,12.071403,2.816315,3.838849,0.369892,0.181488,0.8000
351,12.067933,2.815820,3.836224,0.370104,0.181391,0.8000
352,12.068793,2.815952,3.835268,0.371566,0.181156,0.8000
353,12.073363,2.817016,3.838398,0.370297,0.181300,0.8000
354,12.058116,2.813400,3.832693,0.370599,0.181162,0.8000
355,12.069514,2.815122,3.840600,0.370237,0.181431,0.8000
356,12.072453,2.817659,3.834831,0.370776,0.180835,0.8000
357,12.054997,2.813794,3.826690,0.370862,0.181401,0.8000
358,12.069583,2.816391,3.834257,0.371051,0.181953,0.8000
359,12.061181,2.814763,3.831077,0.370398,0.181633,0.8000
360,12.066941,2.816391,3.833201,0.369803,0.181405,0.8000
361,12.051854,2.812400,3.828780,0.370270,0.181359,0.8000
362,12.062485,2.814835,3.831731,0.371151,0.181445,0.8000
363,12.056332,2.811707,3.836748,0.370491,0.181321,0.8000
364,12.050722,2.813093,3.824533,0.370222,0.181595,0.8000
365,12.075354,2.817137,3.840259,0.370160,0.181576,0.8000
366,12.073699,2.816185,3.842734,0.369458,0.181500,0.8000
367,12.058780,2.813587,3.834230,0.369544,0.181091,0.8000
368,12.045685,2.809865,3.830585,0.370180,0.181442,0.8000
369,12.066297,2.815036,3.837521,0.369360,0.181811,0.8000
370,12.050775,2.812457,3.825556,0.370935,0.182022,0.8000
371,12.064001,2.814727,3.836496,0.368739,0.181883,0.8000
372,12.057678,2.813174,3.832647,0.370499,0.181538,0.8000
373,12.067824,2.815821,3.837827,0.368286,0.181815,0.8000
374,12.051231,2.811470,3.832093,0.369293,0.181852,0.8000
375,12.062969,2.813901,3.835520,0.370832,0.182019,0.8000
376,12.078555,2.817318,3.845170,0.369034,0.181431,0.8000
377,12.068556,2.816140,3.836311,0.369643,0.181444,0.8000
378,12.069440,2.815783,3.839076,0.368873,0.181958,0.8000
379,12.056166,2.813490,3.829801,0.369927,0.181928,0.8000
380,12.059693,2.812826,3.837670,0.369162,0.181916,0.8000
381,12.060685,2.813103,3.836899,0.369723,0.182134,0.8000
382,12.058712,2.813855,3.831628,0.369981,0.181863,0.8000
383,12.049281,2.811167,3.832224,0.367783,0.182216,0.8000
384,12.057428,2.813776,3.830685,0.369778,0.181775,0.8000
385,12.057008,2.812595,3.835810,0.367970,0.182607,0.8000
386,12.058358,2.814482,3.828776,0.369689,0.182202,0.8000
387,12.060273,2.813974,3.833364,0.369289,0.182369,0.8000
388,12.061871,2.814368,3.834589,0.368887,0.182209,0.8000
389,12.055784,2.812043,3.836666,0.367733,0.182591,0.8000
390,12.055437,2.812552,3.833364,0.368605,0.182485,0.8000
391,12.070364,2.816136,3.839914,0.367725,0.182299,0.8000
392,12.064108,2.813844,3.839528,0.368786,0.182167,0.8000
393,12.065399,2.815700,3.834157,0.368115,0.182859,0.8000
394,12.060758,2.814639,3.833331,0.368256,0.181919,0.8000
395,12.052100,2.811999,3.834112,0.366954,0.181859,0.8000
396,12.054599,2.812786,3.832140,0.368301,0.182226,0.8000
397,12.055836,2.811927,3.837200,0.368134,0.182161,0.8000
398,12.077180,2.816585,3.845243,0.368707,0.182522,0.8000
399,12.059362,2.813084,3.836673,0.368888,0.181884,0.8000
400,12.051942,2.810866,3.835887,0.368371,0.182266,0.8000
401,12.061196,2.814184,3.835002,0.368069,0.182574,0.8000
402,12.070972,2.815195,3.843685,0.368115,0.182323,0.8000
403,12.057546,2.811708,3.841159,0.367188,0.182306,0.8000
404,12.053244,2.811445,3.834590,0.368574,0.182665,0.8000
405,12.054030,2.812396,3.833366,0.367745,0.182404,0.8000
406,12.065755,2.814692,3.839617,0.368049,0.181935,0.8000
407,12.054083,2.812320,3.833064,0.368280,0.182393,0.8000
408,12.058952,2.813742,3.833286,0.368803,0.182294,0.8000
409,12.061492,2.813088,3.840480,0.367364,0.182481,0.8000
410,12.056854,2.813383,3.833008,0.367608,0.182692,0.8000
411,12.061233,2.815165,3.831415,0.368003,0.182603,0.8000
412,12.054768,2.811045,3.839999,0.367120,0.182513,0.8000
413,12.064486,2.814093,3.840152,0.367059,0.183027,0.8000
414,12.053550,2.811218,3.838770,0.365993,0.182885,0.8000
415,12.055766,2.812862,3.832742,0.367985,0.183002,0.8000
416,12.059274,2.812925,3.839391,0.366680,0.182308,0.8000
417,12.052758,2.811674,3.836452,0.366458,0.182117,0.8000
418,12.054210,2.810890,3.838020,0.367990,0.183134,0.8000
419,12.052264,2.810802,3.836558,0.367848,0.182764,0.8000
420,12.063655,2.814709,3.837789,0.366839,0.182457,0.8000
421,12.051317,2.811964,3.831892,0.367469,0.182442,0.8000
422,12.061746,2.815027,3.833103,0.367511,0.182672,0.8000
423,12.066414,2.815768,3.837074,0.367004,0.182446,0.8000
424,12.052000,2.814254,3.825486,0.366371,0.182478,0.8000
425,12.052164,2.811850,3.834337,0.366780,0.182365,0.8000
426,12.052642,2.810806,3.838460,0.366719,0.182737,0.8000
427,12.071021,2.816301,3.840433,0.367174,0.182598,0.8000
428,12.057413,2.812803,3.837137,0.366865,0.182431,0.8000
429,12.046829,2.810576,3.830257,0.367976,0.182918,0.8000
430,12.043987,2.808913,3.833583,0.367379,0.183004,0.8000
431,12.068917,2.814796,3.844823,0.366270,0.182399,0.8000
432,12.052621,2.811825,3.834680,0.366799,0.182602,0.8000
433,12.061423,2.813594,3.839954,0.365843,0.182834,0.8000
434,12.061363,2.812909,3.840463,0.367503,0.182763,0.8000
435,12.068811,2.817204,3.834828,0.366422,0.182913,0.8000
436,12.064914,2.815013,3.838675,0.366152,0.182784,0.8000
437,12.054806,2.812295,3.836550,0.366178,0.182502,0.8000
438,12.066468,2.812923,3.848059,0.366591,0.182662,0.8000
439,12.061476,2.814465,3.835589,0.367113,0.182496,0.8000
440,12.057392,2.812541,3.838778,0.365801,0.182947,0.8000
441,12.062616,2.812997,3.843347,0.366082,0.182865,0.8000
442,12.048167,2.810560,3.834990,0.365977,0.182516,0.8000
443,12.057718,2.813245,3.835450,0.367137,0.182486,0.8000
444,12.060646,2.812787,3.841668,0.366347,0.182605,0.8000
445,12.072345,2.815368,3.847119,0.366100,0.182447,0.8000
446,12.047873,2.810237,3.835465,0.365980,0.182810,0.8000
447,12.053531,2.810446,3.841493,0.366530,0.182469,0.8000
448,12.056201,2.810355,3.844082,0.366776,0.183094,0.8000
449,12.052195,2.810869,3.839270,0.365317,0.182856,0.8000
450,12.058662,2.813248,3.838139,0.365814,0.182592,0.8000
451,12.050270,2.812104,3.831966,0.365736,0.182648,0.8000
452,12.073392,2.815791,3.846713,0.366216,0.182433,0.8000
453,12.061431,2.811277,3.849705,0.365212,0.182625,0.8000
454,12.059679,2.813189,3.840487,0.365173,0.182548,0.8000
455,12.057764,2.811918,3.840731,0.366734,0.182691,0.8000
456,12.049585,2.810194,3.837865,0.366405,0.182307,0.8000
457,12.058126,2.812379,3.840600,0.365473,0.183037,0.8000
458,12.050231,2.810095,3.839078,0.366096,0.182586,0.8000
459,12.056977,2.812482,3.838261,0.366218,0.182703,0.8000
460,12.053865,2.810807,3.840640,0.366020,0.182913,0.8000
461,12.061211,2.812296,3.845129,0.365688,0.182531,0.8000
462,12.055240,2.811864,3.839010,0.366010,0.182430,0.8000
463,12.050975,2.810272,3.838134,0.366899,0.182751,0.8000
464,12.057454,2.812299,3.841846,0.364477,0.182602,0.8000
465,12.063222,2.812526,3.847742,0.364824,0.182627,0.8000
466,12.044358,2.809226,3.837053,0.364961,0.182077,0.8000
467,12.061285,2.812369,3.846263,0.364526,0.182641,0.8000
468,12.064579,2.813614,3.844999,0.365171,0.182567,0.8000
469,12.064739,2.814614,3.842674,0.364479,0.182280,0.8000
470,12.053396,2.810994,3.841008,0.365271,0.182337,0.8000
471,12.045271,2.809614,3.836123,0.364861,0.182670,0.8000
472,12.062886,2.812287,3.848796,0.364244,0.182744,0.8000
473,12.057754,2.811525,3.846147,0.363997,0.182266,0.8000
474,12.048522,2.810430,3.837536,0.364648,0.182556,0.8000
475,12.043822,2.808839,3.836888,0.365500,0.182293,0.8000
476,12.064065,2.815007,3.839266,0.364995,0.182636,0.8000
477,12.056283,2.811993,3.840594,0.365023,0.182806,0.8000
478,12.046558,2.810505,3.833706,0.365608,0.182471,0.8000
479,12.057577,2.811274,3.843052,0.366292,0.183021,0.8000
480,12.049154,2.809881,3.838919,0.365911,0.182465,0.8000
481,12.053303,2.810247,3.843088,0.365234,0.182858,0.8000
482,12.055842,2.810889,3.844645,0.364891,0.182568,0.8000
483,12.056097,2.812013,3.842005,0.364291,0.182163,0.8000
484,12.053505,2.810874,3.841736,0.364853,0.182640,0.8000
485,12.056123,2.811574,3.842545,0.364780,0.182585,0.8000
486,12.057617,2.810474,3.848589,0.364334,0.182991,0.8000
487,12.065339,2.811642,3.853786,0.364600,0.182785,0.8000
488,12.052925,2.810552,3.842549,0.364504,0.182724,0.8000
489,12.067317,2.814434,3.845441,0.364776,0.182885,0.8000
490,12.059821,2.812089,3.846082,0.364346,0.182341,0.8000
491,12.060193,2.811715,3.846721,0.365189,0.182483,0.8000
492,12.041385,2.808495,3.835841,0.364722,0.182504,0.8000
493,12.053480,2.810658,3.841895,0.365019,0.182971,0.8000
494,12.062628,2.813004,3.845776,0.364775,0.182222,0.8000
495,12.063427,2.812815,3.847630,0.363960,0.182917,0.8000
496,12.059085,2.812188,3.842660,0.365428,0.182964,0.8000
497,12.050450,2.810640,3.839587,0.364187,0.182673,0.8000
498,12.036274,2.806465,3.836647,0.364783,0.182779,0.8000
499,12.053528,2.810464,3.844639,0.364140,0.182285,0.8000
500,12.059566,2.811204,3.847006,0.365680,0.182669,0.8000
501,12.060558,2.811482,3.848564,0.364900,0.182361,0.8000
502,12.054291,2.811040,3.839910,0.366337,0.182904,0.8000
503,12.044576,2.809065,3.838303,0.364182,0.182557,0.8000
504,12.060295,2.812037,3.847133,0.364049,0.182428,0.8000
505,12.049044,2.810044,3.839665,0.364893,0.182286,0.8000
506,12.042482,2.807503,3.841310,0.364401,0.182525,0.8000
507,12.051853,2.810359,3.841855,0.365041,0.182253,0.8000
508,12.052900,2.810195,3.845958,0.363151,0.182397,0.8000
509,12.050889,2.810726,3.838894,0.365104,0.182492,0.8000
510,12.059942,2.812484,3.844016,0.364358,0.182918,0.8000
511,12.044005,2.807998,3.840535,0.365159,0.182425,0.8000
512,12.055179,2.810257,3.846790,0.364842,0.182134,0.8000
513,12.054147,2.810592,3.845008,0.363998,0.182365,0.8000
514,12.057784,2.809876,3.852550,0.363780,0.182335,0.8000
515,12.048831,2.808560,3.845739,0.364283,0.182277,0.8000
516,12.045909,2.809929,3.836940,0.364039,0.182532,0.8000
517,12.058109,2.812269,3.843803,0.363921,0.182339,0.8000
518,12.045195,2.808463,3.841274,0.364185,0.182602,0.8000
519,12.054472,2.811189,3.842688,0.364286,0.182470,0.8000
520,12.048436,2.809613,3.842066,0.363906,0.182039,0.8000
521,12.065697,2.812093,3.853376,0.364205,0.182512,0.8000
522,12.044802,2.808176,3.842931,0.363539,0.182389,0.8000
523,12.053012,2.809591,3.848584,0.363261,0.182111,0.8000
524,12.044638,2.809477,3.837326,0.364065,0.182280,0.8000
525,12.050447,2.810429,3.841243,0.363697,0.182468,0.8000
526,12.059743,2.811980,3.846247,0.364245,0.182561,0.8000
527,12.049481,2.808869,3.845757,0.363857,0.182410,0.8000
528,12.045074,2.809128,3.838436,0.364377,0.182566,0.8000
529,12.055495,2.810527,3.846644,0.363936,0.182662,0.8000
530,12.059011,2.812025,3.845556,0.363736,0.182754,0.8000
531,12.048102,2.809175,3.842851,0.363893,0.182404,0.8000
532,12.068142,2.813526,3.852082,0.363261,0.182637,0.8000
533,12.060519,2.812582,3.845531,0.363853,0.182495,0.8000
534,12.059441,2.809518,3.855461,0.363846,0.182671,0.8000
535,12.046166,2.808639,3.843151,0.363461,0.182266,0.8000
536,12.054130,2.809513,3.849370,0.363585,0.182508,0.8000
537,12.047862,2.807103,3.851096,0.363122,0.182555,0.8000
538,12.053022,2.809586,3.848020,0.363289,0.182558,0.8000
539,12.064707,2.813384,3.847289,0.364060,0.182663,0.8000
540,12.058240,2.810240,3.852465,0.362942,0.182605,0.8000
541,12.050471,2.806981,3.855263,0.363010,0.182307,0.8000
542,12.055379,2.810117,3.848050,0.364197,0.182392,0.8000
543,12.051151,2.808612,3.848413,0.363946,0.182638,0.8000
544,12.052303,2.810156,3.845554,0.363044,0.182346,0.8000
545,12.045879,2.807569,3.846086,0.363633,0.182671,0.8000
546,12.056467,2.810108,3.849145,0.364384,0.182442,0.8000
547,12.056286,2.810212,3.849153,0.363456,0.182873,0.8000
548,12.056678,2.810422,3.848646,0.364220,0.182275,0.8000
549,12.053118,2.809906,3.846258,0.364137,0.182257,0.8000
550,12.054930,2.809457,3.850938,0.363521,0.182287,0.8000
551,12.051239,2.809023,3.846758,0.364339,0.182423,0.8000
552,12.056956,2.810206,3.851583,0.362780,0.182292,0.8000
553,12.050676,2.808469,3.849290,0.363483,0.182353,0.8000
554,12.044382,2.806983,3.845416,0.364624,0.182476,0.8000
555,12.058057,2.810587,3.850018,0.363756,0.182524,0.8000
556,12.045163,2.806250,3.849723,0.364134,0.182501,0.8000
557,12.061751,2.810361,3.855891,0.363432,0.182524,0.8000
558,12.057722,2.810274,3.850548,0.364324,0.182137,0.8000
559,12.047622,2.806074,3.855648,0.362733,0.182149,0.8000
560,12.048280,2.807859,3.848909,0.363063,0.182514,0.8000
561,12.058438,2.810636,3.849945,0.363733,0.182841,0.8000
562,12.043508,2.806792,3.845537,0.364143,0.182559,0.8000
563,12.056996,2.809728,3.851937,0.364071,0.182193,0.8000
564,12.047369,2.807841,3.848374,0.362671,0.182475,0.8000
565,12.042086,2.807294,3.842225,0.363930,0.182494,0.8000
566,12.049710,2.809468,3.843508,0.363477,0.183023,0.8000
567,12.051387,2.809619,3.846090,0.363504,0.182154,0.8000
568,12.067468,2.810706,3.862156,0.363280,0.182345,0.8000
569,12.035199,2.805231,3.841674,0.363828,0.182338,0.8000
570,12.043629,2.806880,3.847269,0.362535,0.182637,0.8000
571,12.054571,2.810845,3.845967,0.362510,0.182752,0.8000
572,12.054282,2.809199,3.851211,0.363069,0.182647,0.8000
573,12.049860,2.808209,3.849885,0.362603,0.182723,0.8000
574,12.051377,2.808349,3.851218,0.362793,0.182564,0.8000
575,12.047510,2.806958,3.850355,0.363775,0.182577,0.8000
576,12.057085,2.808917,3.856646,0.362580,0.182436,0.8000
577,12.056883,2.809796,3.853253,0.362489,0.182404,0.8000
578,12.058067,2.808937,3.857564,0.362453,0.182751,0.8000
579,12.049743,2.807621,3.851671,0.362978,0.182563,0.8000
580,12.046829,2.808036,3.844283,0.364225,0.183068,0.8000
581,12.052246,2.810064,3.844749,0.363852,0.182403,0.8000
582,12.041966,2.806356,3.846377,0.363369,0.182428,0.8000
583,12.035723,2.805684,3.841065,0.363052,0.182768,0.8000
584,12.052621,2.809369,3.846724,0.364188,0.182946,0.8000
585,12.043438,2.806192,3.851870,0.360969,0.182397,0.8000
586,12.048483,2.808167,3.847956,0.363134,0.182484,0.8000
587,12.049144,2.809443,3.844853,0.362435,0.182498,0.8000
588,12.050496,2.808064,3.852293,0.361907,0.182564,0.8000
589,12.046022,2.806962,3.849721,0.363233,0.182126,0.8000
590,12.041910,2.806492,3.845653,0.363054,0.182856,0.8000
591,12.049228,2.807214,3.854178,0.361803,0.182441,0.8000
592,12.044596,2.806696,3.849828,0.362554,0.182092,0.8000
593,12.045761,2.807022,3.850586,0.361923,0.182303,0.8000
594,12.043612,2.805605,3.851985,0.362928,0.182282,0.8000
595,12.041136,2.807110,3.843397,0.362494,0.182594,0.8000
596,12.061725,2.808819,3.863006,0.362015,0.182848,0.8000
597,12.046858,2.807098,3.850921,0.362353,0.182474,0.8000
598,12.066409,2.809527,3.865837,0.362711,0.182448,0.8000
599,12.042296,2.807235,3.844442,0.362968,0.182071,0.8000
600,12.040109,2.805437,3.848352,0.362835,0.182282,0.8000
601,12.060138,2.811136,3.851885,0.362316,0.182906,0.8000
602,12.053465,2.809605,3.848385,0.363530,0.182413,0.8000
603,12.055376,2.809445,3.852489,0.362437,0.182613,0.8000
604,12.050031,2.807265,3.853896,0.362590,0.182528,0.8000
605,12.050052,2.807377,3.852873,0.362939,0.182685,0.8000
606,12.051602,2.808379,3.852700,0.361514,0.182791,0.8000
607,12.054147,2.808389,3.855307,0.361941,0.182794,0.8000
608,12.057772,2.809083,3.857310,0.361980,0.182694,0.8000
609,12.057609,2.810547,3.849610,0.363470,0.182809,0.8000
610,12.041784,2.805400,3.852886,0.360949,0.182326,0.8000
611,12.060784,2.810440,3.854265,0.363346,0.182707,0.8000
612,12.050480,2.807756,3.852899,0.362458,0.182436,0.8000
613,12.048444,2.807398,3.852070,0.361891,0.182702,0.8000
614,12.055479,2.809887,3.852256,0.361419,0.182593,0.8000
615,12.056814,2.809108,3.855707,0.362538,0.182386,0.8000
616,12.050338,2.806787,3.855536,0.363058,0.182489,0.8000
617,12.047133,2.808393,3.845232,0.363012,0.182756,0.8000
618,12.043540,2.806897,3.846963,0.363034,0.182244,0.8000
619,12.043569,2.807327,3.845866,0.362231,0.182664,0.8000
620,12.053663,2.807552,3.857629,0.362149,0.182756,0.8000
621,12.048256,2.805991,3.856799,0.362108,0.182737,0.8000
622,12.053693,2.808986,3.852754,0.361791,0.182740,0.8000
623,12.051495,2.806424,3.860086,0.361470,0.182685,0.8000
624,12.046556,2.807690,3.849201,0.361623,0.182501,0.8000
625,12.048258,2.808213,3.849039,0.361785,0.182603,0.8000
626,12.049765,2.808853,3.848611,0.362182,0.182135,0.8000
627,12.052270,2.808551,3.852880,0.361597,0.182717,0.8000
628,12.059232,2.809981,3.855322,0.362895,0.182137,0.8000
629,12.039771,2.805843,3.846998,0.362287,0.182355,0.8000
630,12.047262,2.808602,3.846990,0.361439,0.182423,0.8000
631,12.048826,2.807269,3.852491,0.362598,0.182430,0.8000
632,12.029732,2.804508,3.838781,0.362379,0.182805,0.8000
633,12.047998,2.807276,3.852597,0.361775,0.182319,0.8000
634,12.065474,2.812280,3.855450,0.361915,0.182357,0.8000
635,12.053135,2.810384,3.846195,0.362712,0.182314,0.8000
636,12.053550,2.808142,3.855913,0.362146,0.182248,0.8000
637,12.039680,2.804553,3.852264,0.361673,0.182538,0.8000
638,12.055164,2.806965,3.862055,0.362517,0.182107,0.8000
639,12.047811,2.806717,3.853488,0.362307,0.182564,0.8000
640,12.054291,2.808554,3.855281,0.362151,0.182253,0.8000
641,12.063612,2.810949,3.858878,0.361570,0.182091,0.8000
642,12.050674,2.807053,3.856886,0.361670,0.182336,0.8000
643,12.052010,2.807693,3.855419,0.362175,0.182421,0.8000
644,12.037741,2.806409,3.842318,0.362276,0.182383,0.8000
645,12.049630,2.807525,3.852951,0.362453,0.182240,0.8000
646,12.045786,2.806576,3.852069,0.362175,0.182228,0.8000
647,12.054765,2.808559,3.854657,0.362784,0.182577,0.8000
648,12.049275,2.806525,3.856713,0.361750,0.182579,0.8000
649,12.046454,2.806539,3.852675,0.362549,0.182146,0.8000
650,12.045958,2.807003,3.849193,0.363147,0.182448,0.8000
651,12.060482,2.809178,3.859235,0.363152,0.182409,0.8000
652,12.054016,2.806695,3.862087,0.361426,0.182836,0.8000
653,12.050454,2.808030,3.851612,0.362921,0.182155,0.8000
654,12.046552,2.805915,3.854747,0.362358,0.182651,0.8000
655,12.054501,2.807511,3.860297,0.361130,0.182601,0.8000
656,12.045772,2.806392,3.852294,0.362294,0.182468,0.8000
657,12.047391,2.805819,3.856970,0.362219,0.182138,0.8000
658,12.052155,2.807363,3.857919,0.361490,0.182243,0.8000
659,12.051726,2.809127,3.848891,0.362711,0.182520,0.8000
660,12.031478,2.804086,3.842498,0.362514,0.182706,0.8000
661,12.038752,2.805095,3.847394,0.362833,0.182719,0.8000
662,12.046980,2.807318,3.850459,0.362268,0.182391,0.8000
663,12.048586,2.807156,3.852534,0.362564,0.182526,0.8000
664,12.047696,2.807050,3.851792,0.362420,0.182692,0.8000
665,12.036960,2.803818,3.849076,0.363652,0.182593,0.8000
666,12.054688,2.808004,3.857488,0.362205,0.182479,0.8000
667,12.053015,2.807073,3.858575,0.362342,0.182593,0.8000
668,12.042216,2.804572,3.856554,0.360921,0.182337,0.8000
669,12.058004,2.808408,3.859528,0.362305,0.182852,0.8000
670,12.046202,2.807172,3.851509,0.360754,0.182726,0.8000
671,12.043730,2.805115,3.855369,0.361413,0.182676,0.8000
672,12.047740,2.807181,3.852271,0.361592,0.182787,0.8000
673,12.049891,2.807122,3.854988,0.361814,0.182720,0.8000
674,12.053465,2.807173,3.859745,0.361641,0.182511,0.8000
675,12.047858,2.806008,3.855776,0.362473,0.182742,0.8000
676,12.055598,2.809917,3.851877,0.361903,0.182442,0.8000
677,12.058547,2.809192,3.857843,0.362228,0.182471,0.8000
678,12.043630,2.806398,3.850302,0.361842,0.182353,0.8000
679,12.048721,2.806531,3.856109,0.361521,0.182719,0.8000
680,12.044662,2.806734,3.849476,0.362259,0.182620,0.8000
681,12.040552,2.803829,3.855592,0.362002,0.182589,0.8000
682,12.056732,2.808615,3.858983,0.361310,0.182389,0.8000
683,12.042186,2.805585,3.851283,0.362193,0.182211,0.8000
684,12.037660,2.803908,3.850203,0.363422,0.182352,0.8000
685,12.060363,2.810225,3.854218,0.363775,0.182538,0.8000
686,12.039005,2.804269,3.851395,0.362578,0.182502,0.8000
687,12.046631,2.806687,3.850248,0.363866,0.182507,0.8000
688,12.047882,2.806779,3.852537,0.362881,0.182634,0.8000
689,12.043248,2.804640,3.856973,0.361291,0.182460,0.8000
690,12.040451,2.805089,3.853075,0.360585,0.182137,0.8000
691,12.038574,2.805054,3.848597,0.362414,0.182121,0.8000
692,12.043925,2.806639,3.848934,0.362467,0.182394,0.8000
693,12.036099,2.801803,3.857648,0.361743,0.182828,0.8000
694,12.051208,2.808012,3.852832,0.362367,0.182539,0.8000
695,12.040384,2.804733,3.852576,0.361451,0.182673,0.8000
696,12.045677,2.806273,3.852346,0.362073,0.182909,0.8000
697,12.033956,2.804861,3.843309,0.362242,0.182484,0.8000
698,12.044601,2.805396,3.854603,0.361927,0.182803,0.8000
699,12.044657,2.805180,3.857304,0.361045,0.182230,0.8000
700,12.043162,2.806374,3.848572,0.362244,0.182938,0.8000
701,12.051374,2.806646,3.858298,0.362380,0.182418,0.8000
702,12.043669,2.805016,3.855653,0.361479,0.182619,0.8000
703,12.046144,2.805935,3.855276,0.361759,0.182359,0.8000
704,12.050300,2.805806,3.863165,0.360026,0.182325,0.8000
705,12.057950,2.809180,3.856793,0.362025,0.182952,0.8000
706,12.041064,2.804632,3.852541,0.362296,0.182837,0.8000
707,12.050065,2.807053,3.855297,0.361731,0.182939,0.8000
708,12.045085,2.804599,3.858723,0.362103,0.182206,0.8000
709,12.053159,2.806829,3.860868,0.361647,0.182331,0.8000
710,12.045415,2.805460,3.854909,0.362338,0.182769,0.8000
711,12.048986,2.806898,3.853666,0.362631,0.182729,0.8000
712,12.050417,2.807220,3.855512,0.361863,0.182485,0.8000
713,12.049825,2.805772,3.858377,0.363451,0.182358,0.8000
714,12.053190,2.809094,3.851349,0.362412,0.182418,0.8000
715,12.048749,2.806407,3.858521,0.360463,0.182249,0.8000
716,12.054590,2.806883,3.861699,0.362002,0.182579,0.8000
717,12.044680,2.804507,3.858814,0.361574,0.182532,0.8000
718,12.027869,2.800940,3.850762,0.361669,0.182771,0.8000
719,12.041907,2.804578,3.855385,0.361367,0.182498,0.8000
720,12.047279,2.804750,3.861455,0.361466,0.182401,0.8000
721,12.035879,2.803175,3.852057,0.362328,0.182379,0.8000
722,12.045975,2.805212,3.857551,0.361542,0.182755,0.8000
723,12.045072,2.805862,3.855095,0.361231,0.182180,0.8000
724,12.041461,2.805417,3.851253,0.361762,0.182446,0.8000
725,12.044871,2.806043,3.852267,0.362335,0.182594,0.8000
726,12.050630,2.807027,3.855770,0.362285,0.182646,0.8000
727,12.044576,2.805362,3.854601,0.362201,0.182609,0.8000
728,12.047165,2.805206,3.859701,0.360949,0.182837,0.8000
729,12.043939,2.804692,3.855955,0.362323,0.182776,0.8000
730,12.040599,2.803766,3.856513,0.361414,0.182678,0.8000
731,12.047514,2.806043,3.857949,0.360691,0.182335,0.8000
732,12.054785,2.806341,3.864338,0.361758,0.182534,0.8000
733,12.030380,2.802626,3.848067,0.361698,0.182351,0.8000
734,12.042577,2.804499,3.856307,0.361775,0.182258,0.8000
735,12.046038,2.804257,3.862708,0.361037,0.182065,0.8000
736,12.054973,2.808891,3.855590,0.361209,0.182618,0.8000
737,12.039204,2.802965,3.857075,0.361727,0.182921,0.8000
738,12.040206,2.805503,3.848646,0.361754,0.183027,0.8000
739,12.039913,2.804110,3.852200,0.362741,0.183081,0.8000
740,12.052410,2.808109,3.856432,0.360484,0.182454,0.8000
741,12.054629,2.807224,3.861025,0.361906,0.182232,0.8000
742,12.049985,2.805656,3.860619,0.362045,0.182477,0.8000
743,12.050372,2.805981,3.860277,0.361625,0.182583,0.8000
744,12.046094,2.805181,3.859719,0.360013,0.182761,0.8000
745,12.042265,2.804697,3.855291,0.361456,0.182483,0.8000
746,12.053661,2.806918,3.862112,0.361225,0.181992,0.8000
747,12.047066,2.805185,3.859294,0.361439,0.182637,0.8000
748,12.058701,2.807765,3.863770,0.361834,0.182556,0.8000
749,12.045599,2.805674,3.857676,0.360287,0.182149,0.8000
750,12.044825,2.803611,3.862089,0.361842,0.182481,0.8000
751,12.049506,2.805709,3.860699,0.361177,0.182643,0.8000
752,12.048763,2.805137,3.861284,0.362014,0.182312,0.8000
753,12.033989,2.802916,3.851239,0.361938,0.182312,0.8000
754,12.035853,2.803016,3.852336,0.362198,0.182738,0.8000
755,12.043173,2.804796,3.855563,0.361203,0.183131,0.8000
756,12.047753,2.806124,3.855752,0.361592,0.183186,0.8000
757,12.044252,2.805263,3.854537,0.362492,0.182340,0.8000
758,12.046392,2.805254,3.859125,0.360730,0.182600,0.8000
759,12.044342,2.805218,3.854592,0.362239,0.182775,0.8000
760,12.046281,2.805583,3.856524,0.361422,0.182890,0.8000
761,12.045772,2.806386,3.851672,0.362596,0.182681,0.8000
762,12.042404,2.803664,3.858109,0.361978,0.182946,0.8000
763,12.048567,2.805174,3.860893,0.361854,0.182477,0.8000
764,12.043107,2.805637,3.851925,0.362202,0.182454,0.8000
765,12.040503,2.804533,3.852825,0.361804,0.182839,0.8000
766,12.047963,2.806381,3.856049,0.361748,0.182233,0.8000
767,12.057908,2.809257,3.858320,0.361123,0.182358,0.8000
768,12.052756,2.806815,3.860417,0.361577,0.182400,0.8000
769,12.047381,2.806321,3.855753,0.361079,0.182736,0.8000
770,12.049708,2.806382,3.857832,0.361806,0.182491,0.8000
771,12.047852,2.804660,3.861330,0.362272,0.182538,0.8000
772,12.051352,2.806472,3.857945,0.363039,0.182542,0.8000
773,12.054658,2.805818,3.866169,0.361422,0.182848,0.8000
774,12.042207,2.803010,3.859426,0.363215,0.182422,0.8000
775,12.046648,2.806079,3.855466,0.361387,0.182652,0.8000
776,12.061847,2.808185,3.868637,0.359938,0.182444,0.8000
777,12.037011,2.802720,3.854954,0.361999,0.182890,0.8000
778,12.035636,2.804191,3.847332,0.362565,0.182631,0.8000
779,12.036442,2.802412,3.855346,0.362554,0.182377,0.8000
780,12.046179,2.804888,3.859174,0.361626,0.182551,0.8000
781,12.044620,2.804138,3.859860,0.361970,0.182349,0.8000
782,12.045753,2.805894,3.854192,0.362294,0.182424,0.8000
783,12.039902,2.803052,3.858124,0.362027,0.182221,0.8000
784,12.058354,2.807158,3.866786,0.361100,0.182352,0.8000
785,12.046745,2.805800,3.856700,0.361482,0.182502,0.8000
786,12.044816,2.805736,3.853985,0.361668,0.182751,0.8000
787,12.044709,2.805111,3.857186,0.361127,0.182501,0.8000
788,12.046253,2.806365,3.854398,0.361127,0.182513,0.8000
789,12.034508,2.803752,3.849348,0.361290,0.182484,0.8000
790,12.042208,2.805205,3.851853,0.362453,0.182657,0.8000
791,12.037798,2.803182,3.854137,0.362316,0.182626,0.8000
792,12.044009,2.804926,3.855788,0.361548,0.183053,0.8000
793,12.048156,2.804321,3.866120,0.359952,0.182346,0.8000
794,12.046702,2.805540,3.857677,0.361603,0.182337,0.8000
795,12.036766,2.804541,3.847078,0.362643,0.182836,0.8000
796,12.035605,2.802044,3.853868,0.363605,0.182773,0.8000
797,12.048318,2.804685,3.862635,0.362142,0.182015,0.8000
798,12.046113,2.803971,3.862936,0.361798,0.182054,0.8000
799,12.038469,2.802902,3.856607,0.362180,0.182296,0.8000
800,12.036003,2.803011,3.853425,0.361793,0.182438,0.8000
801,12.042247,2.802429,3.864894,0.360659,0.182386,0.8000
802,12.041730,2.803630,3.858985,0.361197,0.182454,0.8000
803,12.046941,2.805538,3.857318,0.362108,0.182364,0.8000
804,12.044431,2.804583,3.857876,0.362185,0.182195,0.8000
805,12.040239,2.804281,3.853672,0.361981,0.182477,0.8000
806,12.043350,2.805456,3.851303,0.362994,0.182946,0.8000
807,12.035034,2.802812,3.853776,0.361401,0.182176,0.8000
808,12.047425,2.804686,3.863027,0.360715,0.182232,0.8000
809,12.040749,2.803878,3.856115,0.361572,0.182650,0.8000
810,12.045988,2.805550,3.856404,0.361411,0.182805,0.8000
811,12.048592,2.805585,3.859037,0.362051,0.182557,0.8000
812,12.043560,2.804379,3.859374,0.360154,0.182769,0.8000
813,12.036245,2.803656,3.851960,0.361320,0.182387,0.8000
814,12.044099,2.804783,3.857614,0.361540,0.182120,0.8000
815,12.049268,2.805650,3.860158,0.361613,0.182579,0.8000
816,12.048132,2.805053,3.861157,0.362009,0.182038,0.8000
817,12.053657,2.805804,3.864546,0.362082,0.182526,0.8000
818,12.051669,2.805610,3.863140,0.361887,0.182440,0.8000
819,12.045909,2.804923,3.858501,0.362098,0.182240,0.8000
820,12.045982,2.805504,3.858064,0.360988,0.182030,0.8000
821,12.041707,2.804198,3.856381,0.361508,0.182500,0.8000
822,12.028868,2.801368,3.849373,0.362570,0.182697,0.8000
823,12.039265,2.802932,3.857696,0.361797,0.182514,0.8000
824,12.033787,2.801320,3.858744,0.360382,0.182450,0.8000
825,12.045062,2.805644,3.853700,0.362486,0.182686,0.8000
826,12.044833,2.805636,3.853320,0.362148,0.183122,0.8000
827,12.057079,2.806910,3.865239,0.361698,0.182461,0.8000
828,12.036212,2.801948,3.858579,0.361031,0.182472,0.8000
829,12.039866,2.803597,3.855757,0.361860,0.182610,0.8000
830,12.049504,2.805420,3.863096,0.360014,0.182754,0.8000
831,12.044146,2.803559,3.861386,0.361902,0.182459,0.8000
832,12.040298,2.801354,3.866215,0.360810,0.182456,0.8000
833,12.044617,2.805379,3.855536,0.361169,0.182882,0.8000
834,12.038520,2.803421,3.854774,0.361555,0.182883,0.8000
835,12.030809,2.801659,3.852851,0.360909,0.182643,0.8000
836,12.050132,2.804942,3.864968,0.361080,0.182250,0.8000
837,12.042140,2.804302,3.856943,0.361532,0.182147,0.8000
838,12.048581,2.805869,3.857601,0.362427,0.182466,0.8000
839,12.049340,2.805519,3.859723,0.362076,0.182930,0.8000
840,12.043942,2.804150,3.858898,0.361764,0.182612,0.8000
841,12.040424,2.802642,3.860095,0.361900,0.182522,0.8000
842,12.054950,2.806107,3.864414,0.362612,0.182485,0.8000
843,12.047650,2.804963,3.860228,0.362277,0.182301,0.8000
844,12.046725,2.804394,3.860792,0.362450,0.182460,0.8000
845,12.037864,2.804474,3.849969,0.361618,0.182848,0.8000
846,12.040909,2.802712,3.862453,0.360511,0.182300,0.8000
847,12.046270,2.805257,3.858930,0.360480,0.182874,0.8000
848,12.036642,2.801226,3.861658,0.361310,0.182326,0.8000
849,12.046603,2.803999,3.863994,0.360947,0.182463,0.8000
850,12.031798,2.801098,3.855076,0.361635,0.182809,0.8000
851,12.059310,2.806793,3.869132,0.361133,0.182493,0.8000
852,12.042560,2.803468,3.860900,0.360983,0.182453,0.8000
853,12.048678,2.805966,3.859053,0.360696,0.182841,0.8000
854,12.053947,2.806105,3.864620,0.360913,0.183022,0.8000
855,12.032548,2.801328,3.855637,0.361562,0.182493,0.8000
856,12.038996,2.801787,3.861634,0.361957,0.182371,0.8000
857,12.044114,2.803804,3.860745,0.361587,0.182521,0.8000
858,12.039663,2.803161,3.858869,0.360690,0.182394,0.8000
859,12.049951,2.804571,3.865906,0.360932,0.182581,0.8000
860,12.044799,2.803742,3.861742,0.361313,0.182867,0.8000
861,12.054688,2.804190,3.871631,0.361955,0.182857,0.8000
862,12.053075,2.804312,3.870617,0.361229,0.182417,0.8000
863,12.037895,2.801538,3.860502,0.362052,0.182826,0.8000
864,12.037631,2.802046,3.859686,0.361435,0.182310,0.8000
865,12.038575,2.801862,3.861940,0.360859,0.182579,0.8000
866,12.043793,2.803251,3.863187,0.360903,0.182587,0.8000
867,12.047472,2.804480,3.862765,0.361307,0.182515,0.8000
868,12.041044,2.801984,3.864913,0.360218,0.182945,0.8000
869,12.041261,2.803142,3.859550,0.361204,0.182991,0.8000
870,12.041059,2.803322,3.858263,0.361873,0.182611,0.8000
871,12.040340,2.803666,3.856758,0.361333,0.182602,0.8000
872,12.044986,2.803419,3.861963,0.362478,0.182681,0.8000
873,12.049239,2.804140,3.866340,0.361528,0.182220,0.8000
874,12.039514,2.802628,3.860643,0.360652,0.182465,0.8000
875,12.033431,2.802695,3.852873,0.360503,0.182543,0.8000
876,12.044260,2.804337,3.859219,0.361008,0.182866,0.8000
877,12.041363,2.803930,3.856979,0.361301,0.182689,0.8000
878,12.037732,2.802042,3.858678,0.362137,0.182526,0.8000
879,12.044161,2.804012,3.859691,0.361647,0.182725,0.8000
880,12.038308,2.802067,3.859728,0.361814,0.182512,0.8000
881,12.052257,2.804581,3.867875,0.361873,0.182341,0.8000
882,12.036690,2.803310,3.853955,0.361039,0.182558,0.8000
883,12.042694,2.803559,3.861149,0.360458,0.182640,0.8000
884,12.048539,2.803964,3.865346,0.361374,0.182996,0.8000
885,12.052233,2.804079,3.869606,0.361734,0.182577,0.8000
886,12.044880,2.802319,3.868540,0.360633,0.182460,0.8000
887,12.047312,2.804588,3.861270,0.361930,0.182603,0.8000
888,12.041317,2.803069,3.860112,0.361592,0.182429,0.8000
889,12.031716,2.800024,3.858077,0.362569,0.182613,0.8000
890,12.043526,2.803968,3.859632,0.361426,0.182490,0.8000
891,12.049022,2.804676,3.864167,0.360936,0.182725,0.8000
892,12.042376,2.804347,3.856848,0.361220,0.182635,0.8000
893,12.041098,2.804125,3.856247,0.361552,0.182173,0.8000
894,12.049029,2.804778,3.863645,0.361090,0.182688,0.8000
895,12.041259,2.802525,3.861504,0.361824,0.182656,0.8000
896,12.055719,2.806276,3.866388,0.361015,0.182767,0.8000
897,12.045883,2.803843,3.862689,0.361693,0.182508,0.8000
898,12.037819,2.802833,3.854737,0.362996,0.182535,0.8000
899,12.035404,2.802047,3.856349,0.361954,0.182230,0.8000
900,12.048569,2.803980,3.865632,0.361855,0.182267,0.8000
901,12.034205,2.802289,3.855682,0.360450,0.182341,0.8000
902,12.035087,2.800905,3.861479,0.360587,0.182602,0.8000
903,12.048773,2.804646,3.863873,0.361267,0.182469,0.8000
904,12.042628,2.802998,3.862001,0.361760,0.182272,0.8000
905,12.043345,2.804392,3.857638,0.361866,0.182193,0.8000
906,12.044976,2.804477,3.858263,0.362459,0.182474,0.8000
907,12.051730,2.805007,3.866176,0.361610,0.182160,0.8000
908,12.028149,2.800996,3.850155,0.362741,0.182295,0.8000
909,12.040240,2.804271,3.854517,0.361337,0.182476,0.8000
910,12.041585,2.801124,3.868920,0.360546,0.182530,0.8000
911,12.045160,2.803362,3.864588,0.360534,0.182870,0.8000
912,12.045958,2.802713,3.866816,0.361610,0.182757,0.8000
913,12.048052,2.804346,3.864325,0.361322,0.182232,0.8000
914,12.043301,2.802146,3.867597,0.360635,0.182149,0.8000
915,12.045197,2.803304,3.864809,0.361069,0.182368,0.8000
916,12.047582,2.802778,3.869406,0.360704,0.183020,0.8000
917,12.054837,2.806190,3.867476,0.360142,0.182144,0.8000
918,12.029079,2.799570,3.858914,0.360800,0.182439,0.8000
919,12.044689,2.803700,3.862793,0.360884,0.182470,0.8000
920,12.050090,2.804346,3.866951,0.360645,0.182847,0.8000
921,12.046639,2.803278,3.864952,0.362307,0.182536,0.8000
922,12.036903,2.802980,3.853458,0.362477,0.182721,0.8000
923,12.052280,2.804633,3.868727,0.360805,0.182593,0.8000
924,12.059749,2.805534,3.876470,0.359536,0.182436,0.8000
925,12.036478,2.802101,3.857692,0.361434,0.182586,0.8000
926,12.036366,2.801778,3.859048,0.360947,0.182847,0.8000
927,12.037676,2.801086,3.864194,0.360527,0.182536,0.8000
928,12.044577,2.802228,3.868787,0.360418,0.182444,0.8000
929,12.045821,2.804233,3.861021,0.361637,0.182666,0.8000
930,12.040987,2.801942,3.863647,0.361603,0.182641,0.8000
931,12.036154,2.802029,3.858808,0.360400,0.182621,0.8000
932,12.049517,2.804670,3.864827,0.361045,0.182600,0.8000
933,12.033425,2.802017,3.855526,0.360285,0.182668,0.8000
934,12.048138,2.804112,3.865536,0.360875,0.182499,0.8000
935,12.035312,2.800336,3.864483,0.360154,0.182561,0.8000
936,12.050561,2.803867,3.868982,0.360941,0.182834,0.8000
937,12.047404,2.802928,3.867877,0.362053,0.182266,0.8000
938,12.060509,2.806587,3.870685,0.361689,0.182512,0.8000
939,12.028887,2.799891,3.855999,0.361320,0.183093,0.8000
940,12.038668,2.803170,3.853684,0.363189,0.183023,0.8000
941,12.038261,2.801417,3.863365,0.360611,0.182708,0.8000
942,12.041243,2.802161,3.862285,0.362194,0.182740,0.8000
943,12.045930,2.803653,3.865019,0.360355,0.182599,0.8000
944,12.042424,2.803571,3.859807,0.361760,0.182107,0.8000
945,12.041579,2.801919,3.864070,0.362107,0.182459,0.8000
946,12.047112,2.803495,3.865067,0.362088,0.182485,0.8000
947,12.041333,2.801197,3.868099,0.360351,0.182912,0.8000
948,12.042145,2.802855,3.862018,0.361311,0.182655,0.8000
949,12.046390,2.803137,3.866090,0.361682,0.182427,0.8000
950,12.041230,2.802988,3.859931,0.361357,0.182963,0.8000
951,12.050223,2.804110,3.867130,0.361674,0.182515,0.8000
952,12.051465,2.804627,3.866371,0.361905,0.182581,0.8000
953,12.038463,2.800697,3.865472,0.361428,0.182566,0.8000
954,12.044616,2.802609,3.868657,0.359446,0.182417,0.8000
955,12.041985,2.802768,3.862461,0.360969,0.182744,0.8000
956,12.054683,2.803417,3.876385,0.360815,0.182508,0.8000
957,12.047400,2.804106,3.863648,0.361468,0.182695,0.8000
958,12.045881,2.803059,3.865376,0.362021,0.182382,0.8000
959,12.048820,2.803153,3.869245,0.361343,0.182620,0.8000
960,12.044303,2.802912,3.866820,0.359844,0.182268,0.8000
961,12.041190,2.801887,3.865140,0.361000,0.182417,0.8000
962,12.040237,2.801126,3.866207,0.361400,0.182495,0.8000
963,12.050830,2.805288,3.861377,0.363033,0.182831,0.8000
964,12.048566,2.803213,3.868819,0.361865,0.182007,0.8000
965,12.049728,2.804607,3.865269,0.361174,0.182518,0.8000
966,12.028752,2.801034,3.851894,0.361777,0.182359,0.8000
967,12.028057,2.799884,3.855293,0.361196,0.182974,0.8000
968,12.039212,2.801802,3.862784,0.361167,0.182414,0.8000
969,12.046553,2.802412,3.870046,0.361036,0.182244,0.8000
970,12.030479,2.801261,3.852566,0.362001,0.182640,0.8000
971,12.044367,2.802696,3.866653,0.360844,0.182113,0.8000
972,12.051657,2.804406,3.866463,0.363145,0.182122,0.8000
973,12.038722,2.801504,3.861106,0.362679,0.182645,0.8000
974,12.054365,2.804629,3.870088,0.361378,0.183031,0.8000
975,12.044187,2.802323,3.867402,0.360602,0.182695,0.8000
976,12.047572,2.803507,3.865880,0.361336,0.183011,0.8000
977,12.034225,2.800052,3.862165,0.361510,0.182827,0.8000
978,12.050169,2.803128,3.870875,0.361651,0.182434,0.8000
979,12.043612,2.801786,3.868028,0.361271,0.182561,0.8000
980,12.044924,2.803071,3.864921,0.360870,0.182906,0.8000
981,12.046992,2.804201,3.863611,0.360508,0.182991,0.8000
982,12.040113,2.802634,3.859896,0.361768,0.182528,0.8000
983,12.037400,2.800656,3.864823,0.361285,0.182287,0.8000
984,12.049668,2.804324,3.865861,0.361398,0.182610,0.8000
985,12.043510,2.802578,3.864098,0.362119,0.182377,0.8000
986,12.038284,2.800492,3.865691,0.361438,0.182818,0.8000
987,12.041220,2.802706,3.861196,0.361653,0.182491,0.8000
988,12.045223,2.802041,3.869600,0.360712,0.182707,0.8000
989,12.045541,2.803725,3.863644,0.361257,0.182193,0.8000
990,12.044104,2.802750,3.865492,0.360898,0.182561,0.8000
991,12.048927,2.803078,3.867567,0.362909,0.182730,0.8000
992,12.043405,2.803925,3.859291,0.361448,0.182748,0.8000
993,12.047318,2.803284,3.867937,0.360777,0.182340,0.8000
994,12.045504,2.804018,3.862851,0.360201,0.182969,0.8000
995,12.047943,2.803341,3.867290,0.361343,0.182744,0.8000
996,12.042869,2.801931,3.867068,0.361344,0.182080,0.8000
997,12.034995,2.800796,3.860346,0.361692,0.182637,0.8000
998,12.042521,2.801626,3.867385,0.361590,0.182145,0.8000
999,12.041387,2.801781,3.865012,0.361305,0.182729,0.8000
1000,12.026994,2.799818,3.854380,0.361194,0.182841,0.8000
1001,12.042897,2.802934,3.862305,0.361622,0.182628,0.8000
1002,12.039466,2.801899,3.862221,0.361684,0.182308,0.8000
1003,12.038619,2.801500,3.863271,0.360911,0.182590,0.8000
1004,12.028156,2.798300,3.861623,0.361334,0.182623,0.8000
1005,12.038582,2.801986,3.861781,0.360671,0.182528,0.8000
1006,12.042628,2.802188,3.865775,0.361260,0.182183,0.8000
1007,12.038162,2.800591,3.866060,0.361063,0.182477,0.8000
1008,12.041804,2.802320,3.862643,0.362301,0.182429,0.8000
1009,12.033517,2.801129,3.857742,0.361671,0.182264,0.8000
1010,12.050819,2.803697,3.869754,0.361033,0.182891,0.8000
1011,12.037509,2.801814,3.858388,0.362482,0.182876,0.8000
1012,12.045244,2.802309,3.868539,0.360911,0.182574,0.8000
1013,12.053192,2.802828,3.875976,0.361304,0.182623,0.8000
1014,12.034124,2.799370,3.864653,0.361530,0.182762,0.8000
1015,12.052763,2.804814,3.868141,0.361157,0.182651,0.8000
1016,12.035993,2.799447,3.865898,0.361828,0.183106,0.8000
1017,12.040220,2.800065,3.868611,0.362395,0.182742,0.8000
1018,12.038834,2.800370,3.867066,0.361316,0.182756,0.8000
1019,12.037574,2.800785,3.864951,0.360857,0.182401,0.8000
1020,12.050813,2.804410,3.866227,0.362154,0.182449,0.8000
1021,12.055413,2.805978,3.866718,0.361585,0.182520,0.8000
1022,12.048379,2.801743,3.873434,0.361731,0.182670,0.8000
1023,12.030510,2.797938,3.866329,0.361368,0.182265,0.8000
1024,12.041950,2.802993,3.859994,0.362281,0.182694,0.8000
1025,12.038837,2.800191,3.868662,0.360867,0.182466,0.8000
1026,12.048797,2.803741,3.865618,0.362119,0.182960,0.8000
1027,12.039782,2.801218,3.865827,0.361233,0.182233,0.8000
1028,12.056261,2.803851,3.877219,0.360314,0.182617,0.8000
1029,12.051948,2.803442,3.873800,0.359934,0.182650,0.8000
1030,12.043145,2.801865,3.868143,0.360916,0.182120,0.8000
1031,12.038413,2.800738,3.864620,0.361984,0.182519,0.8000
1032,12.039971,2.801546,3.862769,0.362316,0.182803,0.8000
1033,12.041887,2.801205,3.866700,0.361810,0.183103,0.8000
1034,12.035262,2.800873,3.861867,0.360687,0.182462,0.8000
1035,12.044878,2.802048,3.869204,0.360869,0.182502,0.8000
1036,12.049688,2.802761,3.873169,0.360439,0.182430,0.8000
1037,12.044455,2.802534,3.867415,0.360579,0.182342,0.8000
1038,12.035220,2.798960,3.867832,0.361478,0.182597,0.8000
1039,12.053551,2.803788,3.872763,0.361429,0.182549,0.8000
1040,12.040177,2.802125,3.862025,0.361607,0.182575,0.8000
1041,12.034079,2.801022,3.859589,0.361047,0.182295,0.8000
1042,12.039993,2.800020,3.869897,0.361718,0.182297,0.8000
1043,12.023946,2.799396,3.852308,0.361461,0.182449,0.8000
1044,12.050698,2.803394,3.869735,0.361818,0.182910,0.8000
1045,12.043718,2.802601,3.864529,0.361445,0.182848,0.8000
1046,12.043535,2.801238,3.868431,0.362207,0.182867,0.8000
1047,12.046552,2.802553,3.868352,0.361556,0.182656,0.8000
1048,12.050781,2.803878,3.867917,0.362504,0.182311,0.8000
1049,12.046418,2.800948,3.874276,0.361677,0.182477,0.8000
1050,12.055963,2.804407,3.873963,0.361047,0.182524,0.8000
1051,12.043552,2.801797,3.867683,0.361624,0.182390,0.8000
1052,12.045891,2.802452,3.867979,0.361782,0.182369,0.8000
1053,12.040911,2.800158,3.869234,0.362829,0.182220,0.8000
1054,12.045455,2.801064,3.872183,0.361827,0.182689,0.8000
1055,12.032641,2.798930,3.865173,0.361319,0.182392,0.8000
1056,12.037073,2.800139,3.865665,0.361498,0.182626,0.8000
1057,12.033662,2.799056,3.865700,0.360989,0.182945,0.8000
1058,12.047996,2.801747,3.873839,0.361259,0.182425,0.8000
1059,12.041210,2.800154,3.870223,0.362046,0.182525,0.8000
1060,12.039376,2.800940,3.866057,0.360828,0.182883,0.8000
1061,12.040147,2.800952,3.867510,0.360531,0.182753,0.8000
1062,12.043706,2.802140,3.866320,0.361351,0.182880,0.8000
1063,12.040658,2.801942,3.863536,0.361330,0.182672,0.8000
1064,12.042147,2.801792,3.864898,0.362150,0.182703,0.8000
1065,12.039386,2.802472,3.859093,0.361982,0.182714,0.8000
1066,12.034492,2.799882,3.864203,0.360759,0.182724,0.8000
1067,12.042877,2.801703,3.866774,0.362155,0.182194,0.8000
1068,12.043182,2.802379,3.865598,0.361005,0.182561,0.8000
1069,12.053052,2.803662,3.873642,0.360685,0.182467,0.8000
1070,12.045624,2.803239,3.864215,0.361559,0.182975,0.8000
1071,12.050735,2.802707,3.873091,0.361392,0.182747,0.8000
1072,12.039660,2.800193,3.870025,0.360279,0.182781,0.8000
1073,12.048335,2.801978,3.873392,0.361376,0.182311,0.8000
1074,12.047262,2.802810,3.867991,0.361602,0.182837,0.8000
1075,12.044770,2.801567,3.870097,0.361290,0.182701,0.8000
1076,12.040721,2.800370,3.869122,0.361850,0.182464,0.8000
1077,12.040669,2.800851,3.868606,0.360961,0.182269,0.8000
1078,12.051051,2.803430,3.871820,0.360433,0.182873,0.8000
1079,12.031215,2.797998,3.866386,0.361302,0.182809,0.8000
1080,12.035203,2.798597,3.870562,0.360449,0.182514,0.8000
1081,12.032942,2.799900,3.861064,0.361877,0.182515,0.8000
1082,12.045856,2.801883,3.869598,0.361818,0.182711,0.8000
1083,12.043797,2.802117,3.865641,0.362168,0.182764,0.8000
1084,12.031472,2.798405,3.865279,0.361061,0.182972,0.8000
1085,12.047010,2.803118,3.869166,0.360096,0.182227,0.8000
1086,12.040030,2.801941,3.862600,0.361141,0.182985,0.8000
1087,12.041734,2.802500,3.863373,0.361098,0.182438,0.8000
1088,12.046739,2.803077,3.866723,0.361287,0.182843,0.8000
1089,12.041473,2.802121,3.863198,0.361837,0.182716,0.8000
1090,12.044051,2.801279,3.871243,0.360857,0.182361,0.8000
1091,12.055619,2.804774,3.871289,0.361726,0.182539,0.8000
1092,12.040493,2.801421,3.863611,0.362573,0.182767,0.8000
1093,12.040904,2.802147,3.860863,0.363087,0.182686,0.8000
1094,12.051627,2.803100,3.871636,0.362331,0.182686,0.8000
1095,12.041053,2.801983,3.863647,0.361164,0.183023,0.8000
1096,12.034723,2.800198,3.861794,0.362366,0.182327,0.8000
1097,12.039328,2.799129,3.871328,0.361813,0.183066,0.8000
1098,12.042690,2.801473,3.868871,0.360449,0.182726,0.8000
1099,12.031692,2.800196,3.857575,0.362423,0.182621,0.8000
1100,12.030929,2.799414,3.861190,0.360877,0.182857,0.8000
1101,12.029317,2.799481,3.858498,0.361298,0.182777,0.8000
1102,12.040738,2.800235,3.870032,0.361439,0.182568,0.8000
1103,12.046670,2.801064,3.874876,0.360855,0.182724,0.8000
1104,12.032953,2.798493,3.867282,0.361277,0.182370,0.8000
1105,12.043695,2.802273,3.865663,0.361606,0.182740,0.8000
1106,12.041906,2.801095,3.867722,0.361730,0.182714,0.8000
1107,12.051095,2.803026,3.872162,0.361528,0.182760,0.8000
1108,12.044882,2.800442,3.874333,0.361478,0.182611,0.8000
1109,12.035523,2.800748,3.860025,0.362808,0.182452,0.8000
1110,12.035682,2.799692,3.866833,0.360180,0.182959,0.8000
1111,12.034273,2.799890,3.863722,0.361229,0.182394,0.8000
1112,12.044152,2.800771,3.871708,0.361816,0.182658,0.8000
1113,12.031419,2.798242,3.864817,0.362342,0.182496,0.8000
1114,12.045302,2.803915,3.860843,0.362012,0.182869,0.8000
1115,12.032543,2.799171,3.863751,0.361289,0.182740,0.8000
1116,12.033826,2.798567,3.868032,0.361237,0.182464,0.8000
1117,12.026814,2.798913,3.857214,0.361557,0.182748,0.8000
1118,12.032414,2.799996,3.861235,0.360524,0.182915,0.8000
1119,12.038637,2.799025,3.871738,0.361799,0.182374,0.8000
1120,12.044246,2.801066,3.870606,0.361632,0.182930,0.8000
1121,12.050343,2.802136,3.876465,0.360424,0.182338,0.8000
1122,12.035771,2.798236,3.871253,0.361390,0.182671,0.8000
1123,12.038342,2.800791,3.865195,0.361465,0.182347,0.8000
1124,12.051213,2.803387,3.872566,0.360622,0.182378,0.8000
1125,12.032068,2.798342,3.866316,0.361313,0.182676,0.8000
1126,12.035602,2.800933,3.860265,0.361987,0.182604,0.8000
1127,12.044760,2.800873,3.873038,0.361367,0.182344,0.8000
1128,12.045781,2.800625,3.874723,0.361484,0.182643,0.8000
1129,12.042762,2.799415,3.875265,0.361814,0.182490,0.8000
1130,12.056909,2.802751,3.881825,0.361015,0.182182,0.8000
1131,12.034805,2.798209,3.871185,0.360581,0.182649,0.8000
1132,12.044945,2.801743,3.869379,0.361929,0.182284,0.8000
1133,12.040032,2.799974,3.869859,0.361432,0.182791,0.8000
1134,12.042866,2.802088,3.865167,0.362019,0.182450,0.8000
1135,12.042919,2.801373,3.870697,0.359391,0.182853,0.8000
1136,12.039252,2.801354,3.863676,0.361473,0.182777,0.8000
1137,12.028354,2.800041,3.856676,0.360262,0.182628,0.8000
1138,12.036400,2.800133,3.864481,0.361956,0.182460,0.8000
1139,12.038160,2.799436,3.871243,0.360594,0.182264,0.8000
1140,12.034930,2.800175,3.863595,0.360907,0.182624,0.8000
1141,12.037162,2.799752,3.867402,0.361652,0.182331,0.8000
1142,12.041829,2.800612,3.869230,0.361830,0.182781,0.8000
1143,12.029780,2.798298,3.864542,0.360575,0.182679,0.8000
1144,12.038410,2.801057,3.862347,0.362626,0.182734,0.8000
1145,12.035040,2.798664,3.867612,0.362139,0.182820,0.8000
1146,12.050348,2.802932,3.872210,0.361600,0.182183,0.8000
1147,12.045117,2.801037,3.872016,0.362062,0.182330,0.8000
1148,12.037133,2.800169,3.865966,0.361457,0.182396,0.8000
1149,12.043049,2.801299,3.867575,0.361897,0.183195,0.8000
1150,12.036936,2.800916,3.862347,0.361344,0.182967,0.8000
1151,12.042079,2.801992,3.864311,0.362235,0.182420,0.8000
1152,12.043974,2.803420,3.863797,0.360233,0.182441,0.8000
1153,12.036074,2.800490,3.862932,0.361719,0.182540,0.8000
1154,12.043356,2.801913,3.866595,0.361336,0.183007,0.8000
1155,12.041962,2.801261,3.867438,0.361315,0.182915,0.8000
1156,12.038785,2.799806,3.869398,0.360908,0.182940,0.8000
1157,12.032236,2.799273,3.861361,0.362334,0.182993,0.8000
1158,12.054702,2.804157,3.871166,0.362556,0.182743,0.8000
1159,12.049641,2.802310,3.873662,0.361100,0.182680,0.8000
1160,12.050979,2.803415,3.870541,0.361796,0.182505,0.8000
1161,12.045775,2.801806,3.871085,0.360890,0.182601,0.8000
1162,12.042663,2.802061,3.864370,0.361981,0.183003,0.8000
1163,12.037093,2.799447,3.867902,0.362011,0.182421,0.8000
1164,12.047996,2.803317,3.867715,0.361380,0.182494,0.8000
1165,12.034971,2.798805,3.867299,0.361998,0.182719,0.8000
1166,12.042873,2.802087,3.865277,0.361522,0.182869,0.8000
1167,12.039363,2.800635,3.864808,0.362714,0.182897,0.8000
1168,12.038217,2.801410,3.863084,0.360731,0.182788,0.8000
1169,12.034521,2.801068,3.858192,0.361869,0.182894,0.8000
1170,12.039965,2.800855,3.866058,0.361982,0.182570,0.8000
1171,12.041151,2.800529,3.869610,0.361164,0.182713,0.8000
1172,12.037014,2.799958,3.867160,0.360768,0.182645,0.8000
1173,12.046378,2.801019,3.872979,0.362107,0.182830,0.8000
1174,12.047390,2.801988,3.870947,0.361954,0.182715,0.8000
1175,12.030186,2.798880,3.860629,0.362296,0.182745,0.8000
1176,12.038838,2.801381,3.863653,0.361163,0.182609,0.8000
1177,12.044359,2.801458,3.870066,0.361215,0.182718,0.8000
1178,12.038034,2.798928,3.869528,0.362654,0.182972,0.8000
1179,12.037376,2.799712,3.867705,0.361523,0.182554,0.8000
1180,12.042404,2.800860,3.868357,0.363038,0.182099,0.8000
1181,12.046274,2.801263,3.872852,0.361331,0.182873,0.8000
1182,12.035478,2.798713,3.869627,0.361189,0.182448,0.8000
1183,12.047907,2.799969,3.878252,0.362635,0.182764,0.8000
1184,12.047763,2.802516,3.870050,0.361835,0.182341,0.8000
1185,12.031435,2.797361,3.868974,0.361741,0.182431,0.8000
1186,12.039712,2.801403,3.864450,0.361446,0.182496,0.8000
1187,12.045073,2.801527,3.870383,0.361188,0.182996,0.8000
1188,12.035348,2.799322,3.865663,0.362040,0.182812,0.8000
1189,12.049698,2.802770,3.872083,0.360919,0.182802,0.8000
1190,12.038418,2.800814,3.864394,0.361597,0.182864,0.8000
1191,12.044341,2.802266,3.865840,0.362004,0.182866,0.8000
1192,12.039536,2.799760,3.870588,0.361369,0.182415,0.8000
1193,12.047289,2.801136,3.873886,0.362269,0.182504,0.8000
1194,12.035778,2.799344,3.865061,0.362851,0.182846,0.8000
1195,12.044678,2.800505,3.874183,0.361471,0.182346,0.8000
1196,12.044930,2.801129,3.872392,0.361176,0.182453,0.8000
1197,12.029272,2.796892,3.867960,0.361510,0.182719,0.8000
1198,12.041011,2.800672,3.868834,0.361062,0.182865,0.8000
1199,12.032567,2.799255,3.864429,0.360765,0.182495,0.8000
1200,12.045936,2.801885,3.871557,0.360893,0.182143,0.8000
