smiles,D,P,EG,r0
O=[N+]([O-])OCCC(CCN(CCC(CCO[N+](=O)[O-])([N+](=O)[O-])[N+](=O)[O-])[N+](=O)[O-])([N+](=O)[O-])[N+](=O)[O-],7.775,5.53141124872,8.6719722452,1.624
CC(CN(CCO[N+](=O)[O-])[N+](=O)[O-])([N+](=O)[O-])[N+](=O)[O-],7.904,5.56145056608,8.70483390969,1.617
O=[N+]([O-])OCC(CO[N+](=O)[O-])O[N+](=O)[O-],8.507,5.75066606056,8.81209910896,1.73
O=[N+]([O-])OCC(CO[N+](=O)[O-])(CO[N+](=O)[O-])CO[N+](=O)[O-],8.401,5.71373280551,8.82394232659,1.697
O=[N+]([O-])OCCCN(CC([N+](=O)[O-])([N+](=O)[O-])[N+](=O)[O-])[N+](=O)[O-],8.438,5.72554396644,8.85109068766,1.705
O=[N+]([O-])OCN(CN(CN(CN(CO[N+](=O)[O-])[N+](=O)[O-])[N+](=O)[O-])[N+](=O)[O-])[N+](=O)[O-],8.736,5.80784214458,8.90869459251,1.742
O=[N+]([O-])OCCN(CC([N+](=O)[O-])([N+](=O)[O-])[N+](=O)[O-])[N+](=O)[O-],8.852,5.84267447352,8.94884572928,1.767
O=[N+]([O-])OCC(O[N+](=O)[O-])C(CO[N+](=O)[O-])O[N+](=O)[O-],8.49,5.75384167453,8.79573360595,1.751
CN(C=O)[N+](=O)[O-],6.919,5.24015845237,8.30819906321,1.484
COCN(CN(CN(COC)[N+](=O)[O-])[N+](=O)[O-])[N+](=O)[O-],7.124,5.29931686688,8.47449443688,1.487
CC(CCN(C(=O)OCC(COC(=O)N(CCC(C)([N+](=O)[O-])[N+](=O)[O-])[N+](=O)[O-])([N+](=O)[O-])[N+](=O)[O-])[N+](=O)[O-])([N+](=O)[O-])[N+](=O)[O-],7.494,5.4629839881,8.52317526309,1.636
CN(CCN[N+](=O)[O-])[N+](=O)[O-],7.258,5.3346492958,8.53875896933,1.483
CN(CCN(C(=O)C(=O)N(CCN(C)[N+](=O)[O-])[N+](=O)[O-])[N+](=O)[O-])[N+](=O)[O-],7.226,5.35800036871,8.48590890138,1.556
CCC(CN(CC(CC)([N+](=O)[O-])[N+](=O)[O-])[N+](=O)[O-])([N+](=O)[O-])[N+](=O)[O-],7.275,5.3608225719,8.54791636406,1.531
CN(C(=O)C(=O)N(C)[N+](=O)[O-])[N+](=O)[O-],7.32,5.39997102027,8.45148064805,1.595
CC(CN(CCN(CC(C)([N+](=O)[O-])[N+](=O)[O-])[N+](=O)[O-])[N+](=O)[O-])([N+](=O)[O-])[N+](=O)[O-],7.663,5.48976383112,8.64593814731,1.592
O=[N+]([O-])NCCN(CCN(CCN[N+](=O)[O-])[N+](=O)[O-])[N+](=O)[O-],7.473,5.42318634859,8.60135049942,1.552
CC(CCN(C(=O)OCC(C)([N+](=O)[O-])[N+](=O)[O-])[N+](=O)[O-])([N+](=O)[O-])[N+](=O)[O-],7.382,5.41920668382,8.49617382419,1.601
CC(CN(CCC(CCN(CC(C)([N+](=O)[O-])[N+](=O)[O-])[N+](=O)[O-])([N+](=O)[O-])[N+](=O)[O-])[N+](=O)[O-])([N+](=O)[O-])[N+](=O)[O-],7.638,5.48686947309,8.63870260881,1.6
COCCN(CC([N+](=O)[O-])([N+](=O)[O-])[N+](=O)[O-])[N+](=O)[O-],7.907,5.56260286119,8.70665585636,1.617
O=[N+]([O-])NCCN(CCN[N+](=O)[O-])[N+](=O)[O-],7.624,5.46932516344,8.63604232525,1.567
CC(CCN(CC(CN(CCC(C)([N+](=O)[O-])[N+](=O)[O-])[N+](=O)[O-])([N+](=O)[O-])[N+](=O)[O-])[N+](=O)[O-])([N+](=O)[O-])[N+](=O)[O-],7.664,5.49347288132,8.65207367361,1.6
CC(CCN(C(=O)C(=O)N(CCC(C)([N+](=O)[O-])[N+](=O)[O-])[N+](=O)[O-])[N+](=O)[O-])([N+](=O)[O-])[N+](=O)[O-],7.431,5.43720936541,8.52951694111,1.613
O=[N+]([O-])NCCC(CCN[N+](=O)[O-])([N+](=O)[O-])[N+](=O)[O-],7.761,5.52345892052,8.66302363963,1.613
CCN(CC(=O)OCC([N+](=O)[O-])([N+](=O)[O-])[N+](=O)[O-])[N+](=O)[O-],7.678,5.50938833663,8.60006266924,1.631
O=[N+]([O-])NCCN[N+](=O)[O-],7.997,5.58010711329,8.72534492491,1.605
O=C(CN(CCN(CC(=O)OCC([N+](=O)[O-])([N+](=O)[O-])[N+](=O)[O-])[N+](=O)[O-])[N+](=O)[O-])OCC([N+](=O)[O-])([N+](=O)[O-])[N+](=O)[O-],8.115,5.65843637289,8.69734573093,1.735
O=C(CCN(CCC(=O)OCC([N+](=O)[O-])([N+](=O)[O-])[N+](=O)[O-])[N+](=O)[O-])OCC([N+](=O)[O-])([N+](=O)[O-])[N+](=O)[O-],7.842,5.57859710923,8.61323037961,1.703
CC(CN(CC(C)([N+](=O)[O-])[N+](=O)[O-])[N+](=O)[O-])([N+](=O)[O-])[N+](=O)[O-],7.825,5.54087131138,8.68338536628,1.615
CC(CN(CC(=O)OCC([N+](=O)[O-])([N+](=O)[O-])[N+](=O)[O-])[N+](=O)[O-])([N+](=O)[O-])[N+](=O)[O-],8.127,5.65319068854,8.71882705924,1.712
O=[N+]([O-])N(CC(CCN(CC([N+](=O)[O-])([N+](=O)[O-])[N+](=O)[O-])[N+](=O)[O-])([N+](=O)[O-])[N+](=O)[O-])CC(CCN(CC([N+](=O)[O-])([N+](=O)[O-])[N+](=O)[O-])[N+](=O)[O-])([N+](=O)[O-])[N+](=O)[O-],8.609,5.78228553614,8.89836560696,1.753
CC(CCN(C(=O)OCC([N+](=O)[O-])([N+](=O)[O-])[N+](=O)[O-])[N+](=O)[O-])([N+](=O)[O-])[N+](=O)[O-],8.127,5.65319068854,8.71882705924,1.712
O=C(NCCC([N+](=O)[O-])([N+](=O)[O-])[N+](=O)[O-])N(CCC([N+](=O)[O-])([N+](=O)[O-])[N+](=O)[O-])[N+](=O)[O-],8.422,5.7401144039,8.81105612294,1.757
CC(CCN(CC([N+](=O)[O-])([N+](=O)[O-])[N+](=O)[O-])[N+](=O)[O-])([N+](=O)[O-])[N+](=O)[O-],8.294,5.68629716032,8.81239690527,1.692
O=[N+]([O-])N(CCN(CCN(CC([N+](=O)[O-])([N+](=O)[O-])[N+](=O)[O-])[N+](=O)[O-])[N+](=O)[O-])CCN(CC([N+](=O)[O-])([N+](=O)[O-])[N+](=O)[O-])[N+](=O)[O-],8.416,5.72162239278,8.85623355614,1.709
O=C(OCC([N+](=O)[O-])([N+](=O)[O-])[N+](=O)[O-])N(CCN(CCN(CCN(C(=O)OCC([N+](=O)[O-])([N+](=O)[O-])[N+](=O)[O-])[N+](=O)[O-])[N+](=O)[O-])[N+](=O)[O-])[N+](=O)[O-],8.219,5.68153686571,8.75020786253,1.729
CCN(C(=O)OCC([N+](=O)[O-])([N+](=O)[O-])[N+](=O)[O-])[N+](=O)[O-],7.989,5.60983802848,8.66750795208,1.687
CC(CN(CN(C(=O)OCC([N+](=O)[O-])([N+](=O)[O-])[N+](=O)[O-])[N+](=O)[O-])[N+](=O)[O-])([N+](=O)[O-])[N+](=O)[O-],8.434,5.74075707745,8.80537513891,1.751
NC(=O)CN(CC([N+](=O)[O-])([N+](=O)[O-])[N+](=O)[O-])[N+](=O)[O-],8.437,5.74811828848,8.79754848848,1.77
CN(C(=O)OCC([N+](=O)[O-])([N+](=O)[O-])[N+](=O)[O-])[N+](=O)[O-],8.428,5.7404357923,8.78048010703,1.754
O=C(OCC([N+](=O)[O-])([N+](=O)[O-])[N+](=O)[O-])N(CCN(CCN(C(=O)OCC([N+](=O)[O-])([N+](=O)[O-])[N+](=O)[O-])[N+](=O)[O-])[N+](=O)[O-])[N+](=O)[O-],8.355,5.72587007112,8.77012852754,1.762
CC(CN(CCC([N+](=O)[O-])([N+](=O)[O-])[N+](=O)[O-])[N+](=O)[O-])([N+](=O)[O-])[N+](=O)[O-],8.286,5.68425980817,8.80851861878,1.692
O=C(OC#COC(=O)N(CCC([N+](=O)[O-])([N+](=O)[O-])[N+](=O)[O-])[N+](=O)[O-])N(CCC([N+](=O)[O-])([N+](=O)[O-])[N+](=O)[O-])[N+](=O)[O-],8.397,5.7388278164,8.80372460211,1.771
CC(COC(=O)N(CCC([N+](=O)[O-])([N+](=O)[O-])[N+](=O)[O-])[N+](=O)[O-])([N+](=O)[O-])[N+](=O)[O-],8.119,5.65108468566,8.71456755084,1.712
N/C(=N/[N+](=O)[O-])NCC([N+](=O)[O-])([N+](=O)[O-])[N+](=O)[O-],8.882,5.86731755437,8.9281100782,1.82
O=C(CN(CC([N+](=O)[O-])([N+](=O)[O-])[N+](=O)[O-])[N+](=O)[O-])N(CN(C(=O)CN(CC([N+](=O)[O-])([N+](=O)[O-])[N+](=O)[O-])[N+](=O)[O-])[N+](=O)[O-])[N+](=O)[O-],8.773,5.83773044717,8.9093704052,1.805
O=[N+]([O-])NC(CCN(CC([N+](=O)[O-])([N+](=O)[O-])[N+](=O)[O-])[N+](=O)[O-])(CCN(CC([N+](=O)[O-])([N+](=O)[O-])[N+](=O)[O-])[N+](=O)[O-])N[N+](=O)[O-],8.647,5.79026593454,8.91112538371,1.75
CN(CCN(C(=O)OCC([N+](=O)[O-])([N+](=O)[O-])[N+](=O)[O-])[N+](=O)[O-])[N+](=O)[O-],8.084,5.63443239652,8.71111388405,1.69
O=C(CN(CC(=O)OCC([N+](=O)[O-])([N+](=O)[O-])[N+](=O)[O-])[N+](=O)[O-])OCC([N+](=O)[O-])([N+](=O)[O-])[N+](=O)[O-],8.329,5.72619606949,8.7411364229,1.781
O=[N+]([O-])NCN[N+](=O)[O-],8.925,5.850764665,8.93787526533,1.743
O=C(OCC([N+](=O)[O-])([N+](=O)[O-])[N+](=O)[O-])N(CN(CN(C(=O)OCC([N+](=O)[O-])([N+](=O)[O-])[N+](=O)[O-])[N+](=O)[O-])[N+](=O)[O-])[N+](=O)[O-],8.513,5.78659058584,8.76670599775,1.832
O=C(CCC([N+](=O)[O-])([N+](=O)[O-])[N+](=O)[O-])N(CN(C(=O)CCC([N+](=O)[O-])([N+](=O)[O-])[N+](=O)[O-])[N+](=O)[O-])[N+](=O)[O-],8.34,5.71899944046,8.7913339933,1.753
O=[N+]([O-])N(CCN(CC([N+](=O)[O-])([N+](=O)[O-])[N+](=O)[O-])[N+](=O)[O-])CCN(CC([N+](=O)[O-])([N+](=O)[O-])[N+](=O)[O-])[N+](=O)[O-],8.638,5.78597671228,8.90815361332,1.744
O=C(OCC([N+](=O)[O-])([N+](=O)[O-])[N+](=O)[O-])N(CCC(CCN(C(=O)OCC([N+](=O)[O-])([N+](=O)[O-])[N+](=O)[O-])[N+](=O)[O-])([N+](=O)[O-])[N+](=O)[O-])[N+](=O)[O-],8.372,5.73269381815,8.77477681604,1.771
O=[N+]([O-])N(CCC([N+](=O)[O-])([N+](=O)[O-])[N+](=O)[O-])CC(CN(CCC([N+](=O)[O-])([N+](=O)[O-])[N+](=O)[O-])[N+](=O)[O-])([N+](=O)[O-])[N+](=O)[O-],8.627,5.7872040828,8.89959435993,1.755
O=C(OCC([N+](=O)[O-])([N+](=O)[O-])[N+](=O)[O-])N(CCN(CN(C(=O)OCC([N+](=O)[O-])([N+](=O)[O-])[N+](=O)[O-])[N+](=O)[O-])[N+](=O)[O-])[N+](=O)[O-],8.571,5.78812362309,8.82438373026,1.796
N#CCN(CC([N+](=O)[O-])([N+](=O)[O-])[N+](=O)[O-])[N+](=O)[O-],8.507,5.75320735798,8.86939815988,1.737
CN(CCN(CC([N+](=O)[O-])([N+](=O)[O-])[N+](=O)[O-])[N+](=O)[O-])[N+](=O)[O-],8.284,5.67435366397,8.82350072799,1.666
O=[N+]([O-])N(CCC(CCN(CC([N+](=O)[O-])([N+](=O)[O-])[N+](=O)[O-])[N+](=O)[O-])([N+](=O)[O-])[N+](=O)[O-])CC([N+](=O)[O-])([N+](=O)[O-])[N+](=O)[O-],8.645,5.79148805508,8.90815361332,1.755
O=C(OCC([N+](=O)[O-])([N+](=O)[O-])[N+](=O)[O-])N(CN(C(=O)OCC([N+](=O)[O-])([N+](=O)[O-])[N+](=O)[O-])[N+](=O)[O-])[N+](=O)[O-],8.334,5.75002972582,8.67453876214,1.851
CN(CC([N+](=O)[O-])([N+](=O)[O-])[N+](=O)[O-])[N+](=O)[O-],8.748,5.80633906298,8.93168411073,1.73
CC(=O)ON([C@@H](CC([N+](=O)[O-])([N+](=O)[O-])[N+](=O)[O-])C([N+](=O)[O-])([N+](=O)[O-])[N+](=O)[O-])[N+](=O)[O-],8.71,5.82393307579,8.87556669199,1.807
O=C(OCC([N+](=O)[O-])([N+](=O)[O-])[N+](=O)[O-])N(CCC([N+](=O)[O-])([N+](=O)[O-])[N+](=O)[O-])[N+](=O)[O-],8.604,5.80362780963,8.81818627793,1.82
O=C(C(=O)N(CCC([N+](=O)[O-])([N+](=O)[O-])[N+](=O)[O-])[N+](=O)[O-])N(CCC([N+](=O)[O-])([N+](=O)[O-])[N+](=O)[O-])[N+](=O)[O-],8.59,5.79148805508,8.85309383614,1.793
O=[N+]([O-])N(CCC([N+](=O)[O-])([N+](=O)[O-])[N+](=O)[O-])CC([N+](=O)[O-])([N+](=O)[O-])[N+](=O)[O-],8.829,5.85277702733,8.91784674253,1.812
O=[N+]([O-])N(CN(CC([N+](=O)[O-])([N+](=O)[O-])[N+](=O)[O-])[N+](=O)[O-])CC([N+](=O)[O-])([N+](=O)[O-])[N+](=O)[O-],8.702,5.83393315912,8.83666458636,1.843
O=[N+]([O-])N(CC([N+](=O)[O-])([N+](=O)[O-])[N+](=O)[O-])CC([N+](=O)[O-])([N+](=O)[O-])[N+](=O)[O-],8.525,5.80211837538,8.74033674273,1.873
C[N+](=O)[O-],7.271,5.30876262441,8.49310539589,1.421
CC(COC(=O)OCC(C)([N+](=O)[O-])[N+](=O)[O-])([N+](=O)[O-])[N+](=O)[O-],7.201,5.36924170488,8.39004140576,1.599
CC(C)(COC(=O)CCC([N+](=O)[O-])([N+](=O)[O-])[N+](=O)[O-])[N+](=O)[O-],6.92,5.26320818943,8.35396813031,1.535
CC(COC(=O)C(=O)OCC(C)([N+](=O)[O-])[N+](=O)[O-])([N+](=O)[O-])[N+](=O)[O-],7.109,5.34853508271,8.34141021146,1.612
CC(COC(=O)CCC([N+](=O)[O-])([N+](=O)[O-])[N+](=O)[O-])([N+](=O)[O-])[N+](=O)[O-],7.695,5.52545293913,8.5814816813,1.661
CCC(CCC(=O)OCC([N+](=O)[O-])([N+](=O)[O-])[N+](=O)[O-])([N+](=O)[O-])[N+](=O)[O-],7.424,5.43633866445,8.51218064959,1.616
CC(=O)CCC([N+](=O)[O-])([N+](=O)[O-])[N+](=O)[O-],7.33,5.3972573144,8.50512061018,1.582
O=C(CCC([N+](=O)[O-])([N+](=O)[O-])[N+](=O)[O-])OCCOC(=O)CCC([N+](=O)[O-])([N+](=O)[O-])[N+](=O)[O-],7.519,5.48022216985,8.50996714632,1.664
O=C(CCC([N+](=O)[O-])([N+](=O)[O-])[N+](=O)[O-])NCNC(=O)CCC([N+](=O)[O-])([N+](=O)[O-])[N+](=O)[O-],7.635,5.51463769251,8.56464913257,1.674
CC(C)NC(=O)C([N+](=O)[O-])([N+](=O)[O-])[N+](=O)[O-],7.272,5.3738885534,8.47928361834,1.564
O=[N+]([O-])C(CO)(CO)[N+](=O)[O-],7.74,5.55566908919,8.54811029405,1.712
CC(C)(C)NC(=O)C([N+](=O)[O-])([N+](=O)[O-])[N+](=O)[O-],6.892,5.24015845237,8.37378460812,1.502
CCC(CNC(=O)CCC([N+](=O)[O-])([N+](=O)[O-])[N+](=O)[O-])([N+](=O)[O-])[N+](=O)[O-],7.36,5.41209238081,8.51338595307,1.598
CCOC(=O)OCC([N+](=O)[O-])([N+](=O)[O-])[N+](=O)[O-],7.429,5.4450117457,8.4495565427,1.634
CCC([N+](=O)[O-])([N+](=O)[O-])C(CC)([N+](=O)[O-])[N+](=O)[O-],7.376,5.39044065542,8.58110651716,1.536
CC(CNC(=O)CCC([N+](=O)[O-])([N+](=O)[O-])[N+](=O)[O-])([N+](=O)[O-])[N+](=O)[O-],7.653,5.50695623166,8.59433940059,1.642
CC(CN(CC(C)([N+](=O)[O-])[N+](=O)[O-])C(=O)CCC([N+](=O)[O-])([N+](=O)[O-])[N+](=O)[O-])([N+](=O)[O-])[N+](=O)[O-],7.632,5.49593796063,8.60758219114,1.627
CC(CCC(=O)OCC([N+](=O)[O-])([N+](=O)[O-])[N+](=O)[O-])([N+](=O)[O-])[N+](=O)[O-],7.744,5.53812135876,8.60685106335,1.661
O=C(CCC(CCC(=O)OCC([N+](=O)[O-])([N+](=O)[O-])[N+](=O)[O-])([N+](=O)[O-])[N+](=O)[O-])OCC([N+](=O)[O-])([N+](=O)[O-])[N+](=O)[O-],7.912,5.60138054104,8.63692987302,1.717
O=[N+]([O-])C(F)(COCOCC(F)([N+](=O)[O-])[N+](=O)[O-])[N+](=O)[O-],8.247,5.70411575245,8.7056624788,1.774
CC(CC(CC(C)([N+](=O)[O-])[N+](=O)[O-])[N+](=O)[O-])([N+](=O)[O-])[N+](=O)[O-],7.443,5.42318634859,8.56655462095,1.571
O=C(CCC([N+](=O)[O-])([N+](=O)[O-])[N+](=O)[O-])OCC(COC(=O)CCC([N+](=O)[O-])([N+](=O)[O-])[N+](=O)[O-])([N+](=O)[O-])[N+](=O)[O-],7.895,5.59731023015,8.62837672038,1.717
O=C(NCCC([N+](=O)[O-])([N+](=O)[O-])[N+](=O)[O-])C(=O)NCCC([N+](=O)[O-])([N+](=O)[O-])[N+](=O)[O-],7.91,5.60101119662,8.64153246567,1.717
NC(=O)CCC([N+](=O)[O-])([N+](=O)[O-])[N+](=O)[O-],7.814,5.56834450376,8.61268517288,1.694
O=C(CCC([N+](=O)[O-])([N+](=O)[O-])[N+](=O)[O-])CCC([N+](=O)[O-])([N+](=O)[O-])[N+](=O)[O-],8.167,5.66504164634,8.75463404743,1.718
C[C@@H](CC([N+](=O)[O-])([N+](=O)[O-])[N+](=O)[O-])[N+](=O)[O-],8.168,5.64544689764,8.77245537261,1.664
O=C(CCC(CC(CC(CCC(=O)OCC([N+](=O)[O-])([N+](=O)[O-])[N+](=O)[O-])([N+](=O)[O-])[N+](=O)[O-])([N+](=O)[O-])[N+](=O)[O-])([N+](=O)[O-])[N+](=O)[O-])OCC([N+](=O)[O-])([N+](=O)[O-])[N+](=O)[O-],8.124,5.66017883717,8.722905701,1.734
O=C(CCC(=O)OCC([N+](=O)[O-])([N+](=O)[O-])[N+](=O)[O-])OCC([N+](=O)[O-])([N+](=O)[O-])[N+](=O)[O-],8.064,5.64967821566,8.6669915565,1.746
O=C(CCC([N+](=O)[O-])([N+](=O)[O-])[N+](=O)[O-])OC(=O)CCC([N+](=O)[O-])([N+](=O)[O-])[N+](=O)[O-],7.989,5.62690143032,8.65329627441,1.735
CC(CC(CC(C)([N+](=O)[O-])[N+](=O)[O-])([N+](=O)[O-])[N+](=O)[O-])([N+](=O)[O-])[N+](=O)[O-],7.95,5.58424790596,8.71997075678,1.645
COC(=O)OCC([N+](=O)[O-])([N+](=O)[O-])[N+](=O)[O-],7.881,5.58949332825,8.57338447107,1.706
O=C(NCNC(=O)OCC([N+](=O)[O-])([N+](=O)[O-])[N+](=O)[O-])OCC([N+](=O)[O-])([N+](=O)[O-])[N+](=O)[O-],8.229,5.7044489192,8.68457030082,1.788
O=C(NCC([N+](=O)[O-])([N+](=O)[O-])[N+](=O)[O-])NC(=O)NCC([N+](=O)[O-])([N+](=O)[O-])[N+](=O)[O-],8.484,5.7742409383,8.78017265123,1.815
O=C(NCCC([N+](=O)[O-])([N+](=O)[O-])[N+](=O)[O-])NCCC([N+](=O)[O-])([N+](=O)[O-])[N+](=O)[O-],8.09,5.64403247025,8.71817293003,1.712
CC(NC(=O)NC(C)C([N+](=O)[O-])([N+](=O)[O-])[N+](=O)[O-])C([N+](=O)[O-])([N+](=O)[O-])[N+](=O)[O-],8.046,5.62437845187,8.71094912584,1.688
O=C(CCC([N+](=O)[O-])([N+](=O)[O-])[N+](=O)[O-])OCC([N+](=O)[O-])([N+](=O)[O-])[N+](=O)[O-],8.484,5.76393639748,8.80447518385,1.784
O=C(CCC([N+](=O)[O-])([N+](=O)[O-])[N+](=O)[O-])NCC([N+](=O)[O-])([N+](=O)[O-])[N+](=O)[O-],8.43,5.74556400867,8.8065738205,1.767
NC(=O)OCC([N+](=O)[O-])([N+](=O)[O-])[N+](=O)[O-],8.418,5.76016280809,8.72029728739,1.82
O=C(NCC([N+](=O)[O-])([N+](=O)[O-])[N+](=O)[O-])NCC([N+](=O)[O-])([N+](=O)[O-])[N+](=O)[O-],8.736,5.83481073706,8.8692575228,1.822
O=[N+]([O-])C(COCOCC([N+](=O)[O-])([N+](=O)[O-])[N+](=O)[O-])([N+](=O)[O-])[N+](=O)[O-],8.576,5.78965431373,8.81551842397,1.796
O=[N+]([O-])C(C/C=C/CC([N+](=O)[O-])([N+](=O)[O-])[N+](=O)[O-])([N+](=O)[O-])[N+](=O)[O-],8.473,5.74492441799,8.86460536808,1.736
O=C(OCC([N+](=O)[O-])([N+](=O)[O-])[N+](=O)[O-])OCC([N+](=O)[O-])([N+](=O)[O-])[N+](=O)[O-],8.143,5.70511491989,8.58298093195,1.855
O=C(OCC([N+](=O)[O-])([N+](=O)[O-])[N+](=O)[O-])C(=O)OCC([N+](=O)[O-])([N+](=O)[O-])[N+](=O)[O-],8.203,5.71834262599,8.62353322719,1.85
CC(COC(=O)OCC([N+](=O)[O-])([N+](=O)[O-])[N+](=O)[O-])([N+](=O)[O-])[N+](=O)[O-],8.065,5.64332450562,8.65886634973,1.728
O=C(/C=C/C(=O)OCC([N+](=O)[O-])([N+](=O)[O-])[N+](=O)[O-])OCC([N+](=O)[O-])([N+](=O)[O-])[N+](=O)[O-],8.133,5.6729795655,8.68270762989,1.765
O=C(NCC([N+](=O)[O-])([N+](=O)[O-])[N+](=O)[O-])C(=O)NCC([N+](=O)[O-])([N+](=O)[O-])[N+](=O)[O-],8.527,5.78597671228,8.79785064893,1.82
O=C(NCNC(=O)C([N+](=O)[O-])([N+](=O)[O-])[N+](=O)[O-])C([N+](=O)[O-])([N+](=O)[O-])[N+](=O)[O-],8.503,5.8000013324,8.73472100394,1.883
O=[N+]([O-])C(CC([N+](=O)[O-])([N+](=O)[O-])[N+](=O)[O-])CC([N+](=O)[O-])([N+](=O)[O-])[N+](=O)[O-],8.723,5.83276185591,8.86911686593,1.825
O=[N+]([O-])C(CC#CCC([N+](=O)[O-])([N+](=O)[O-])[N+](=O)[O-])([N+](=O)[O-])[N+](=O)[O-],8.66,5.80060665929,8.92265829952,1.772
O=[N+]([O-])C(COC(OCC([N+](=O)[O-])([N+](=O)[O-])[N+](=O)[O-])OCC([N+](=O)[O-])([N+](=O)[O-])[N+](=O)[O-])([N+](=O)[O-])[N+](=O)[O-],8.421,5.76613109972,8.72241714143,1.836
O=[N+]([O-])C(COC(OCC([N+](=O)[O-])([N+](=O)[O-])[N+](=O)[O-])(OCC([N+](=O)[O-])([N+](=O)[O-])[N+](=O)[O-])OCC([N+](=O)[O-])([N+](=O)[O-])[N+](=O)[O-])([N+](=O)[O-])[N+](=O)[O-],8.339,5.75479239556,8.66939912431,1.862
O=C(OCC([N+](=O)[O-])([N+](=O)[O-])[N+](=O)[O-])C(OCC([N+](=O)[O-])([N+](=O)[O-])[N+](=O)[O-])OCC([N+](=O)[O-])([N+](=O)[O-])[N+](=O)[O-],8.427,5.76707021389,8.73278832497,1.834
O=C(OCC([N+](=O)[O-])([N+](=O)[O-])[N+](=O)[O-])c1cc([N+](=O)[O-])cc([N+](=O)[O-])c1,7.612,5.53615246661,8.53581865554,1.75
O=[N+]([O-])c1cc([N+](=O)[O-])c(Cl)c([N+](=O)[O-])c1,7.404,5.50044155064,8.41360887516,1.807
CC(=O)c1c([N+](=O)[O-])cc([N+](=O)[O-])cc1[N+](=O)[O-],6.774,5.26527751247,8.26023429161,1.645
Cc1c([N+](=O)[O-])c(C)c([N+](=O)[O-])c(O)c1[N+](=O)[O-],6.747,5.25540986554,8.29554851623,1.639
COc1c([N+](=O)[O-])c(Cl)c([N+](=O)[O-])c(Cl)c1[N+](=O)[O-],7.253,5.4629839881,8.31188955823,1.819
O=[N+]([O-])c1cc([N+](=O)[O-])c(CCO)c([N+](=O)[O-])c1,6.774,5.26320818943,8.311152548,1.639
O=C(OCC([N+](=O)[O-])([N+](=O)[O-])[N+](=O)[O-])c1cc([N+](=O)[O-])cc([N+](=O)[O-])c1O,7.75,5.59098698051,8.55852705491,1.806
[N-]=[N+]=Nc1c([N+](=O)[O-])cc([N+](=O)[O-])cc1[N+](=O)[O-],7.743,5.57291419945,8.63444275147,1.758
Cc1ccc([N+](=O)[O-])c([N+](=O)[O-])c1[N+](=O)[O-],6.936,5.3062855362,8.3797685155,1.629
[N-]=[N+]=Nc1c([N+](=O)[O-])c([N+](=O)[O-])c([N+](=O)[O-])c([N+](=O)[O-])c1[N+](=O)[O-],8.889,5.90017128866,8.96175079933,1.921
O=[N+]([O-])c1ccc(CC([N+](=O)[O-])([N+](=O)[O-])[N+](=O)[O-])c([N+](=O)[O-])c1,7.777,5.57253418805,8.65067458279,1.732
N#[N+]c1cc([N+](=O)[O-])cc([N+](=O)[O-])c1[O-],7.123,5.39362754635,8.37793112408,1.721
O=[N+]([O-])c1ccc(CCC([N+](=O)[O-])([N+](=O)[O-])[N+](=O)[O-])c([N+](=O)[O-])c1,7.44,5.46425544409,8.55294636112,1.677
Cc1c([N+]#N)c([O-])c([N+](=O)[O-])c([N+](=O)[O-])c1[N+](=O)[O-],7.527,5.5126219692,8.55333223803,1.747
N#[N+]c1cc([N+](=O)[O-])c(Cl)c([N+](=O)[O-])c1[O-],7.244,5.46043621602,8.329899293,1.819
O=[N+]([O-])c1cc([N+](=O)[O-])c(CO)c([N+](=O)[O-])c1,7.164,5.40177607492,8.42858053306,1.712
Cc1c([N+](=O)[O-])c([N+](=O)[O-])c(N)c([N+](=O)[O-])c1[N+](=O)[O-],7.736,5.57291419945,8.64329706821,1.763
Nc1c([N+](=O)[O-])c(N)c([N+](=O)[O-])c(NCCO[N+](=O)[O-])c1[N+](=O)[O-],7.534,5.50898339635,8.56788630573,1.731
O=[N+]([O-])OCCNc1c([N+](=O)[O-])c(NCCO[N+](=O)[O-])c([N+](=O)[O-])c(NCCO[N+](=O)[O-])c1[N+](=O)[O-],7.554,5.48976383112,8.59969441293,1.664
O=C(OC([N+](=O)[O-])([N+](=O)[O-])[N+](=O)[O-])c1c([N+](=O)[O-])cc([N+](=O)[O-])cc1[N+](=O)[O-],8.412,5.77517247074,8.77786371462,1.872
O=C(OCC([N+](=O)[O-])([N+](=O)[O-])[N+](=O)[O-])c1c([N+](=O)[O-])cc([N+](=O)[O-])cc1[N+](=O)[O-],8.062,5.67160357629,8.67999208172,1.813
O=[N+]([O-])c1cc([N+](=O)[O-])c(CCl)c([N+](=O)[O-])c1,6.975,5.35280555183,8.28096440055,1.724
O=[N+]([O-])OCCNc1c([N+](=O)[O-])cc([N+](=O)[O-])c(N(CCO[N+](=O)[O-])[N+](=O)[O-])c1[N+](=O)[O-],7.916,5.60322521966,8.70715217534,1.719
O=[N+]([O-])c1cc([N+](=O)[O-])c(CCC([N+](=O)[O-])([N+](=O)[O-])[N+](=O)[O-])c([N+](=O)[O-])c1,7.904,5.61057009293,8.68996933537,1.748
O=[N+]([O-])c1cc([N+](=O)[O-])c(/C=N/O)c([N+](=O)[O-])c1,7.438,5.48313580354,8.53973715585,1.731
Nc1c([N+](=O)[O-])cc([N+](=O)[O-])c([N+](=O)[O-])c1[N+](=O)[O-],8.15,5.70478197499,8.744328764,1.848
Cc1c([N+](=O)[O-])c(N)c([N+](=O)[O-])c([N+](=O)[O-])c1[N+](=O)[O-],7.738,5.5732940665,8.64453043988,1.763
Cc1c(N)c([N+](=O)[O-])c([N+](=O)[O-])c([N+](=O)[O-])c1[N+](=O)[O-],7.755,5.5778412513,8.65329627441,1.763
O=Cc1c([N+](=O)[O-])cc([N+](=O)[O-])cc1[N+](=O)[O-],7.183,5.40896388664,8.39117635083,1.717
C=Cc1c([N+](=O)[O-])cc([N+](=O)[O-])cc1[N+](=O)[O-],6.691,5.22197613329,8.26898820951,1.598
O=[N+]([O-])c1cc([N+](=O)[O-])c([N+](=O)[O-])cc1[N+](=O)[O-],8.097,5.68187763927,8.73069036568,1.817
O=[N+]([O-])c1c(O)c([N+](=O)[O-])c(O)c([N+](=O)[O-])c1O,8.028,5.71735659468,8.59174392268,1.992
Cc1c([N+](=O)[O-])c([N+](=O)[O-])cc([N+](=O)[O-])c1[N+](=O)[O-],7.66,5.5440048823,8.6135936857,1.737
O=[N+]([O-])c1cc([N+](=O)[O-])c(CC([N+](=O)[O-])([N+](=O)[O-])[N+](=O)[O-])c([N+](=O)[O-])c1,8.242,5.71274221603,8.78262965492,1.804
Cc1c([N+](=O)[O-])cc([N+](=O)[O-])c([N+](=O)[O-])c1[N+](=O)[O-],7.667,5.54595838946,8.61740045183,1.737
Cc1c([N+](=O)[O-])c([N+](=O)[O-])c([N+](=O)[O-])c([N+](=O)[O-])c1[N+](=O)[O-],8.268,5.72489143787,8.7972462367,1.822
Nc1c([N+](=O)[O-])c([N+](=O)[O-])c([N+](=O)[O-])c([N+](=O)[O-])c1[N+](=O)[O-],8.762,5.87464979252,8.9166402272,1.932
Cc1cc([N+](=O)[O-])c([N+](=O)[O-])c([N+](=O)[O-])c1[N+](=O)[O-],7.682,5.54985399236,8.62497078359,1.737
O=[N+]([O-])c1c([N+](=O)[O-])c([N+](=O)[O-])c([N+](=O)[O-])c([N+](=O)[O-])c1[N+](=O)[O-],9.172,5.97711204088,9.02665788954,1.971
O=[N+]([O-])c1cc([N+](=O)[O-])c([N+](=O)[O-])c([N+](=O)[O-])c1[N+](=O)[O-],8.692,5.84961292287,8.90027634863,1.902
CN(c1c([N+](=O)[O-])cc([N+](=O)[O-])cc1[N+](=O)[O-])[N+](=O)[O-],7.649,5.53061885565,8.62407255304,1.707
Cc1c(N(C)[N+](=O)[O-])c([N+](=O)[O-])c([N+](=O)[O-])c([N+](=O)[O-])c1[N+](=O)[O-],7.883,5.598421959,8.70764824811,1.729
Cc1c([N+](=O)[O-])c(N(C)[N+](=O)[O-])c([N+](=O)[O-])c([N+](=O)[O-])c1[N+](=O)[O-],7.875,5.59656839035,8.70383871969,1.729
Nc1c([N+](=O)[O-])c(N)c([N+](=O)[O-])c(N)c1[N+](=O)[O-],7.507,5.52784052483,8.52694548286,1.807
Nc1c([N+](=O)[O-])cc([N+](=O)[O-])c(N)c1[N+](=O)[O-],7.419,5.49306144334,8.50754681436,1.774
O=[N+]([O-])c1ccc(O)c([N+](=O)[O-])c1O,6.964,5.3687758302,8.2940496401,1.779
COc1c([N+](=O)[O-])cc([N+](=O)[O-])c(OC)c1[N+](=O)[O-],6.908,5.29280218586,8.34616759436,1.615
Cc1c([N+](=O)[O-])c(N)c([N+](=O)[O-])c(N)c1[N+](=O)[O-],7.047,5.35941246591,8.42134286576,1.686
COc1c([N+](=O)[O-])cc([N+](=O)[O-])cc1[N+](=O)[O-],7.076,5.35611446527,8.39908510294,1.655
Cc1c([N+](=O)[O-])cc([N+](=O)[O-])c(O)c1[N+](=O)[O-],7.095,5.38265851498,8.38981426209,1.712
CCOc1c([N+](=O)[O-])cc([N+](=O)[O-])cc1[N+](=O)[O-],6.698,5.22143632221,8.28045768658,1.591
Nc1c([N+](=O)[O-])cc([N+](=O)[O-])cc1[N+](=O)[O-],7.353,5.46425544409,8.49105453381,1.742
Cc1c([N+](=O)[O-])cc([N+](=O)[O-])c(N)c1[N+](=O)[O-],6.959,5.3239851133,8.38867776918,1.658
Cc1c([N+](=O)[O-])cc([N+](=O)[O-])cc1[N+](=O)[O-],6.874,5.28826703069,8.34402957241,1.629
O=[N+]([O-])c1cc([N+](=O)[O-])c(O)c([N+](=O)[O-])c1O,7.8,5.63228647295,8.5642675988,1.897
N#Cc1c([N+](=O)[O-])cc([N+](=O)[O-])cc1[N+](=O)[O-],7.19,5.41164605186,8.40133330532,1.719
Nc1c([N+](=O)[O-])cc([N+](=O)[O-])c(O)c1[N+](=O)[O-],7.608,5.56337032094,8.53503310954,1.835
Nc1c([N+](=O)[O-])c(N)c([N+](=O)[O-])c(O)c1[N+](=O)[O-],7.672,5.59024043326,8.54441917767,1.867
Cc1c([N+](=O)[O-])c(C)c([N+](=O)[O-])c(C)c1[N+](=O)[O-],6.22,5.04084113615,8.15017926968,1.512
CC(COC(=O)c1c([N+](=O)[O-])cc([N+](=O)[O-])cc1[N+](=O)[O-])([N+](=O)[O-])[N+](=O)[O-],7.315,5.43851399704,8.4471998196,1.699
O=C(O)c1c([N+](=O)[O-])cc([N+](=O)[O-])cc1[N+](=O)[O-],7.3,5.47016762347,8.38867776918,1.801
Cc1cc([N+](=O)[O-])c([N+](=O)[O-])c([N+](=O)[O-])c1,6.927,5.30380229678,8.37493814384,1.629
O=[N+]([O-])c1cc([N+](=O)[O-])cc([N+](=O)[O-])c1,7.274,5.43109847778,8.45297461909,1.709
Cc1c([N+](=O)[O-])cc([N+](=O)[O-])c(C)c1[N+](=O)[O-],6.524,5.15848042136,8.24196656023,1.565
COC(=O)c1c([N+](=O)[O-])cc([N+](=O)[O-])cc1[N+](=O)[O-],6.833,5.29129275161,8.24512196648,1.667
O=[N+]([O-])c1cccc(C([N+](=O)[O-])[N+](=O)[O-])c1,6.831,5.26837349017,8.32336569444,1.61
O=[N+]([O-])c1cc([N+](=O)[O-])c(O)c([N+](=O)[O-])c1,7.532,5.53299415368,8.51077262361,1.802
O=[N+]([O-])c1cc([N+](=O)[O-])c(-n2nccn2)c([N+](=O)[O-])c1,7.166,5.39816270152,8.45850419507,1.701
O=[N+]([O-])c1cc([N+](=O)[O-])c(-c2ncc([N+](=O)[O-])c(-c3c([N+](=O)[O-])cc([N+](=O)[O-])cc3[N+](=O)[O-])n2)c([N+](=O)[O-])c1,7.322,5.46763811116,8.4621032251,1.776
O=C1N([N+](=O)[O-])C2C(C3C2N([N+](=O)[O-])C(=O)N3[N+](=O)[O-])N1[N+](=O)[O-],8.723,5.85449869203,8.91570081896,1.894
O=[N+]([O-])c1cc([N+](=O)[O-])c(Nc2n[nH]c(Nc3c([N+](=O)[O-])cc([N+](=O)[O-])cc3[N+](=O)[O-])n2)c([N+](=O)[O-])c1,7.351,5.47311065692,8.49515206054,1.769
Cn1nc([N+](=O)[O-])c(-c2c([N+](=O)[O-])cc([N+](=O)[O-])cc2[N+](=O)[O-])c1[N+](=O)[O-],7.555,5.52146091786,8.57583938685,1.751
O=[N+]([O-])c1cc([N+](=O)[O-])c(Nc2cc(Nc3c([N+](=O)[O-])cc([N+](=O)[O-])cc3[N+](=O)[O-])c([N+](=O)[O-])nc2[N+](=O)[O-])c([N+](=O)[O-])c1,7.461,5.50655030513,8.52496292868,1.781
O=[N+]([O-])c1cc([N+](=O)[O-])c(-c2cnc([N+](=O)[O-])[nH]2)c([N+](=O)[O-])c1,7.343,5.46637095154,8.48982199462,1.756
O=[N+]([O-])c1cc([N+](=O)[O-])c(-c2[nH]c([N+](=O)[O-])nc2[N+](=O)[O-])c([N+](=O)[O-])c1,7.85,5.62437845187,8.64505856241,1.83
O=[N+]([O-])c1cc([N+](=O)[O-])c(-c2[nH]cnc2[N+](=O)[O-])c([N+](=O)[O-])c1,7.336,5.46467890376,8.48570252432,1.756
O=[N+]([O-])C1([N+](=O)[O-])COC2(OC1)OCC([N+](=O)[O-])([N+](=O)[O-])CO2,7.871,5.61422239794,8.60392119493,1.784
Cn1nc([N+](=O)[O-])c(Nc2c([N+](=O)[O-])cc([N+](=O)[O-])cc2[N+](=O)[O-])c1[N+](=O)[O-],7.563,5.52186083788,8.58391682346,1.746
O=[N+]([O-])c1cc([N+](=O)[O-])c(Nc2c[nH]nn2)c([N+](=O)[O-])c1,7.203,5.41521111802,8.47532898732,1.719
O=[N+]([O-])c1n[nH]c(-c2nc([N+](=O)[O-])n[nH]2)n1,8.115,5.70910163613,8.69951474821,1.89
O=[N+]([O-])c1cc([N+](=O)[O-])c(Nc2nonc2Nc2c([N+](=O)[O-])cc([N+](=O)[O-])cc2[N+](=O)[O-])c([N+](=O)[O-])c1,7.52,5.52305963923,8.55641390457,1.783
O=[N+]([O-])N1C2C3N([N+](=O)[O-])C1C1N([N+](=O)[O-])C(C(N1[N+](=O)[O-])N3[N+](=O)[O-])N2[N+](=O)[O-],9.434,6.04001658769,9.10952506674,1.994
O=[N+]([O-])c1cc([N+](=O)[O-])c(-c2c([N+](=O)[O-])cc([N+](=O)[O-])c(-c3c([N+](=O)[O-])cc([N+](=O)[O-])c(-c4c([N+](=O)[O-])cc([N+](=O)[O-])cc4[N+](=O)[O-])c3[N+](=O)[O-])c2[N+](=O)[O-])c([N+](=O)[O-])c1,7.618,5.55991210424,8.56388591941,1.816
O=[N+]([O-])c1cc([N+](=O)[O-])c(-c2c([N+](=O)[O-])c(-c3c([N+](=O)[O-])cc([N+](=O)[O-])cc3[N+](=O)[O-])c([N+](=O)[O-])c(-c3c([N+](=O)[O-])cc([N+](=O)[O-])cc3[N+](=O)[O-])c2[N+](=O)[O-])c([N+](=O)[O-])c1,7.623,5.56106617245,8.56636423542,1.816
O=[N+]([O-])c1cc([N+](=O)[O-])c(NC2N=CC=CN2c2c([N+](=O)[O-])cc([N+](=O)[O-])cc2[N+](=O)[O-])c([N+](=O)[O-])c1,6.998,5.34710753072,8.39863485529,1.69
O=[N+]([O-])c1cc([N+](=O)[O-])c(Nc2nn(-c3c([N+](=O)[O-])cc([N+](=O)[O-])cc3[N+](=O)[O-])cc2[N+](=O)[O-])c([N+](=O)[O-])c1,7.49,5.51302543904,8.54188580401,1.776
O=C(c1ccc([N+](=O)[O-])cc1[N+](=O)[O-])c1c([N+](=O)[O-])cc([N+](=O)[O-])cc1[N+](=O)[O-],6.968,5.34901048086,8.3089382526,1.719
O=c1[nH]nc([N+](=O)[O-])[nH]1,7.961,5.67160357629,8.55333223803,1.892
O=[N+]([O-])c1cc([N+](=O)[O-])c(Nc2noc(Nc3c([N+](=O)[O-])cc([N+](=O)[O-])cc3[N+](=O)[O-])n2)c([N+](=O)[O-])c1,7.421,5.49675830522,8.50329708622,1.783
O=[N+]([O-])c1cc([N+](=O)[O-])c(-n2ccnc2)c([N+](=O)[O-])c1,6.735,5.25488780862,8.28979058318,1.647
O=[N+]([O-])c1cc([N+](=O)[O-])c(-n2cc([N+](=O)[O-])cn2)c([N+](=O)[O-])c1,7.379,5.46890366712,8.51619269108,1.735
O=[N+]([O-])c1cc(-n2cc([N+](=O)[O-])nn2)cc([N+](=O)[O-])c1,7.131,5.38861500453,8.43901541035,1.701
O=[N+]([O-])c1cn(-c2ccc([N+](=O)[O-])c([N+](=O)[O-])c2)nn1,7.175,5.40087395487,8.46379241469,1.701
Nc1c([N+](=O)[O-])cc([N+](=O)[O-])c(-n2ccnn2)c1[N+](=O)[O-],7.274,5.43807930892,8.51036996607,1.729
O=[N+]([O-])c1cc([N+](=O)[O-])c(-n2ccnn2)c([N+](=O)[O-])c1,7.196,5.40672324039,8.4757460015,1.701
Cn1c([N+](=O)[O-])nc([N+](=O)[O-])c1[N+](=O)[O-],8.224,5.69876993283,8.77894188184,1.775
O=[N+]([O-])c1nc([N+](=O)[O-])c([N+](=O)[O-])[nH]1,8.961,5.92157841964,8.94363670591,1.939
O=[N+]([O-])c1c[nH]c([N+](=O)[O-])n1,8.043,5.66330764209,8.69701161799,1.801
O=[N+]([O-])c1cn([N+](=O)[O-])cn1,8.098,5.65948221576,8.7522653136,1.75
O=[N+]([O-])c1cnc(/N=N/c2ncc([N+](=O)[O-])cc2[N+](=O)[O-])c([N+](=O)[O-])c1,7.317,5.45060917689,8.49515206054,1.731
O=[N+]([O-])c1cc([N+](=O)[O-])c(-c2c([N+](=O)[O-])cc([N+](=O)[O-])c(/N=N/c3c([N+](=O)[O-])cc([N+](=O)[O-])c(-c4c([N+](=O)[O-])cc([N+](=O)[O-])cc4[N+](=O)[O-])c3[N+](=O)[O-])c2[N+](=O)[O-])c([N+](=O)[O-])c1,7.692,5.57859710923,8.59987855803,1.814
O=[N+]([O-])c1cc([N+](=O)[O-])c(Nc2cn(-c3c([N+](=O)[O-])cc([N+](=O)[O-])cc3[N+](=O)[O-])nn2)c([N+](=O)[O-])c1,7.4,5.48272008955,8.52337405049,1.759
O=[N+]([O-])N1CCN([N+](=O)[O-])C2C1N([N+](=O)[O-])CCN2[N+](=O)[O-],8.114,5.65143599428,8.80896688177,1.716
O=[N+]([O-])c1cc([N+](=O)[O-])c(-c2nc(-c3c([N+](=O)[O-])cc([N+](=O)[O-])cc3[N+](=O)[O-])nc(-c3c([N+](=O)[O-])cc([N+](=O)[O-])cc3[N+](=O)[O-])n2)c([N+](=O)[O-])c1,7.316,5.46974648218,8.45595588195,1.787
O=[N+]([O-])c1cc([N+](=O)[O-])c(Nc2nc(Nc3cc([N+](=O)[O-])cc([N+](=O)[O-])c3[N+](=O)[O-])c([N+](=O)[O-])c(Nc3c([N+](=O)[O-])cc([N+](=O)[O-])cc3[N+](=O)[O-])n2)c([N+](=O)[O-])c1,7.393,5.4905892542,8.49331025095,1.787
O=C(CN(CC([N+](=O)[O-])([N+](=O)[O-])[N+](=O)[O-])[N+](=O)[O-])N1CN(C(=O)CN(CC([N+](=O)[O-])([N+](=O)[O-])[N+](=O)[O-])[N+](=O)[O-])CN(C(=O)CN(CC([N+](=O)[O-])([N+](=O)[O-])[N+](=O)[O-])[N+](=O)[O-])C1,8.249,5.69709348651,8.77245537261,1.753
O=[N+]([O-])N1CN([N+](=O)[O-])CN([N+](=O)[O-])C1,8.63,5.78873618054,8.91637191488,1.757
Nc1nonc1[N+](=O)[O-],8.699,5.84701664274,8.91045075642,1.888
O=[N+]([O-])N1C(C([N+](=O)[O-])([N+](=O)[O-])[N+](=O)[O-])CCC1C([N+](=O)[O-])([N+](=O)[O-])[N+](=O)[O-],8.956,5.88610403145,8.98981838137,1.827
Nc1n[nH]c(Nc2c([N+](=O)[O-])cc([N+](=O)[O-])cc2[N+](=O)[O-])n1,7.209,5.42671058132,8.46189187563,1.747
O=[N+]([O-])c1cc([N+](=O)[O-])c(-c2c([N+](=O)[O-])cc([N+](=O)[O-])c(-c3c([N+](=O)[O-])cc([N+](=O)[O-])cc3[N+](=O)[O-])c2[N+](=O)[O-])c([N+](=O)[O-])c1,7.58,5.54595838946,8.5519810169,1.804
O=[N+]([O-])c1cc([N+](=O)[O-])c(-c2cc(-c3c([N+](=O)[O-])cc([N+](=O)[O-])cc3[N+](=O)[O-])c([N+](=O)[O-])cc2[N+](=O)[O-])c([N+](=O)[O-])c1,7.267,5.44802963978,8.44074401925,1.762
O=[N+]([O-])c1ccc(Cn2c([N+](=O)[O-])nnc2[N+](=O)[O-])c([N+](=O)[O-])c1,7.4,5.47058858749,8.53679972106,1.724
O=[N+]([O-])c1cc([N+](=O)[O-])c(CCc2c([N+](=O)[O-])cc([N+](=O)[O-])cc2[N+](=O)[O-])c([N+](=O)[O-])c1,7.035,5.35705786157,8.39253658682,1.688
Cn1nc([N+](=O)[O-])nc1[N+](=O)[O-],7.991,5.62437845187,8.70797882662,1.726
O=[N+]([O-])c1cc([N+](=O)[O-])c(-c2cc([N+](=O)[O-])c(-c3c([N+](=O)[O-])cc([N+](=O)[O-])cc3[N+](=O)[O-])c([N+](=O)[O-])c2)c([N+](=O)[O-])c1,7.274,5.44975007031,8.44419229853,1.762
O=[N+]([O-])c1cc([N+](=O)[O-])c(-c2cc([N+](=O)[O-])c(-c3c([N+](=O)[O-])cc([N+](=O)[O-])cc3[N+](=O)[O-])cc2[N+](=O)[O-])c([N+](=O)[O-])c1,7.268,5.44802963978,8.44095988542,1.762
O=[N+]([O-])c1cc([N+](=O)[O-])on1,8.528,5.79301360838,8.85779972718,1.841
O=[N+]([O-])c1cc([N+](=O)[O-])c(/N=N/c2nc(/N=N/c3c([N+](=O)[O-])cc([N+](=O)[O-])cc3[N+](=O)[O-])c([N+](=O)[O-])cc2[N+](=O)[O-])c([N+](=O)[O-])c1,7.668,5.56337032094,8.60922527686,1.787
O=[N+]([O-])c1cc([N+](=O)[O-])c(Nc2c([N+](=O)[O-])cc([N+](=O)[O-])cc2[N+](=O)[O-])c([N+](=O)[O-])c1,7.506,5.51584517908,8.54032360881,1.772
Nc1c([N+](=O)[O-])cc([N+](=O)[O-])c(Nc2c([N+](=O)[O-])cc([N+](=O)[O-])c(N)c2[N+](=O)[O-])c1[N+](=O)[O-],7.592,5.54985399236,8.57470709762,1.806
O=C1c2nn(-c3c([N+](=O)[O-])cc([N+](=O)[O-])cc3[N+](=O)[O-])nc2C(=O)c2nn(-c3c([N+](=O)[O-])cc([N+](=O)[O-])cc3[N+](=O)[O-])nc21,7.332,5.48728346606,8.46062283993,1.828
O=[N+]([O-])c1cc([N+](=O)[O-])c(Nc2nnc(Nc3c([N+](=O)[O-])cc([N+](=O)[O-])cc3[N+](=O)[O-])nn2)c([N+](=O)[O-])c1,7.507,5.5198596365,8.55910259449,1.783
