sample_step,avg_loss,time,lr,cond
640,4.952785,1768477586.964,0.0002,Y
1280,4.941591,1768477608.986,0.0002,Y
1920,4.931289,1768477631.842,0.0002,Y
2560,4.920757,1768477654.175,0.0002,Y
3200,4.910273,1768477676.938,0.0002,Y
3840,4.901481,1768477698.956,0.0002,Y
4480,4.889240,1768477721.070,0.0002,Y
5120,4.877467,1768477743.735,0.0002,Y
5760,4.866618,1768477766.618,0.0002,Y
6400,4.859760,1768477789.194,0.0002,Y
7040,4.850344,1768477811.718,0.0002,Y
7680,4.829933,1768477834.582,0.0002,Y
8320,4.819190,1768477857.487,0.0002,Y
8960,4.806503,1768477879.978,0.0002,Y
9600,4.786992,1768477902.430,0.0002,Y
10240,4.787022,1768477925.007,0.0002,Y
10880,4.767265,1768477947.223,0.0002,Y
11520,4.752453,1768477969.122,0.0002,Y
12160,4.731006,1768477991.178,0.0002,Y
12800,4.736649,1768478013.137,0.0002,Y
13440,4.719628,1768478035.194,0.0002,Y
14080,4.702379,1768478057.739,0.0002,Y
14720,4.680211,1768478080.549,0.0002,Y
15360,4.678322,1768478103.100,0.0002,Y
16000,4.664695,1768478125.910,0.0002,Y
16640,4.654636,1768478148.532,0.0002,Y
17280,4.620777,1768478171.128,0.0002,Y
17920,4.613022,1768478193.494,0.0002,Y
18560,4.587817,1768478216.306,0.0002,Y
19200,4.555294,1768478239.547,0.0002,Y
19840,4.561788,1768478261.624,0.0002,Y
20480,4.538525,1768478284.647,0.0002,Y
21120,4.504632,1768478307.868,0.0002,Y
21760,4.511514,1768478330.797,0.0002,Y
22400,4.484738,1768478353.552,0.0002,Y
23040,4.451795,1768478375.547,0.0002,Y
23680,4.435892,1768478398.246,0.0002,Y
24320,4.412418,1768478420.607,0.0002,Y
24960,4.402697,1768478442.846,0.0002,Y
25600,4.406932,1768478465.294,0.0002,Y
26240,4.349668,1768478486.991,0.0002,Y
26880,4.340883,1768478509.079,0.0002,Y
27520,4.326844,1768478531.801,0.0002,Y
28160,4.264943,1768478554.039,0.0002,Y
28800,4.240093,1768478576.388,0.0002,Y
29440,4.221447,1768478599.175,0.0002,Y
30080,4.222121,1768478621.492,0.0002,Y
30720,4.197905,1768478643.677,0.0002,Y
31360,4.177562,1768478666.116,0.0002,Y
32000,4.111823,1768478688.850,0.0002,Y
32640,4.131188,1768478711.963,0.0002,Y
33280,4.118278,1768478734.560,0.0002,Y
33920,4.068900,1768478756.860,0.0002,Y
34560,4.064719,1768478779.765,0.0002,Y
35200,4.001773,1768478801.745,0.0002,Y
35840,3.996688,1768478823.813,0.0002,Y
36480,3.938160,1768478846.624,0.0002,Y
37120,3.921822,1768478868.662,0.0002,Y
37760,3.892893,1768478891.259,0.0002,Y
38400,3.864397,1768478913.402,0.0002,Y
39040,3.863557,1768478935.549,0.0002,Y
39680,3.782321,1768478957.667,0.0002,Y
40320,3.796314,1768478980.777,0.0002,Y
40960,3.798830,1768479002.356,0.0002,Y
41600,3.772585,1768479024.187,0.0002,Y
42240,3.716066,1768479047.013,0.0002,Y
42880,3.662334,1768479069.674,0.0002,Y
43520,3.613267,1768479091.390,0.0002,Y
44160,3.644304,1768479114.134,0.0002,Y
44800,3.648049,1768479136.626,0.0002,Y
45440,3.567882,1768479158.884,0.0002,Y
46080,3.607237,1768479181.431,0.0002,Y
46720,3.546217,1768479203.654,0.0002,Y
47360,3.512212,1768479226.448,0.0002,Y
48000,3.498262,1768479248.621,0.0002,Y
48640,3.440942,1768479270.426,0.0002,Y
49280,3.423558,1768479292.808,0.0002,Y
49920,3.391608,1768479315.670,0.0002,Y
50560,3.361721,1768479338.156,0.0002,Y
51200,3.377409,1768479360.167,0.0002,Y
51840,3.359836,1768479382.758,0.0002,Y
52480,3.332669,1768479405.058,0.0002,Y
53120,3.261264,1768479427.379,0.0002,Y
53760,3.320907,1768479448.806,0.0002,Y
54400,3.265069,1768479471.118,0.0002,Y
55040,3.287360,1768479493.762,0.0002,Y
55680,3.231699,1768479516.177,0.0002,Y
56320,3.206614,1768479538.442,0.0002,Y
56960,3.281935,1768479561.293,0.0002,Y
57600,3.196269,1768479583.801,0.0002,Y
58240,3.179414,1768479606.621,0.0002,Y
58880,3.198451,1768479628.714,0.0002,Y
59520,3.173536,1768479651.111,0.0002,Y
60160,3.109687,1768479673.352,0.0002,Y
60800,3.122095,1768479696.079,0.0002,Y
61440,3.101131,1768479718.179,0.0002,Y
62080,3.167497,1768479739.994,0.0002,Y
62720,3.143868,1768479762.521,0.0002,Y
63360,3.079464,1768479784.801,0.0002,Y
64000,3.074276,1768479807.074,0.0002,Y
64640,3.032631,1768479829.657,0.0002,Y
65280,3.127382,1768479851.445,0.0002,Y
65920,3.009232,1768479873.604,0.0002,Y
66560,3.030371,1768479896.042,0.0002,Y
67200,3.061861,1768479919.026,0.0002,Y
67840,3.013652,1768479941.517,0.0002,Y
68480,3.019969,1768479963.631,0.0002,Y
69120,2.998862,1768479986.092,0.0002,Y
69760,3.004089,1768480008.190,0.0002,Y
70400,3.034483,1768480030.881,0.0002,Y
71040,2.996798,1768480053.370,0.0002,Y
71680,3.021923,1768480076.104,0.0002,Y
72320,3.041510,1768480098.535,0.0002,Y
72960,2.957909,1768480121.524,0.0002,Y
73600,3.002596,1768480143.872,0.0002,Y
74240,2.939422,1768480166.446,0.0002,Y
74880,2.958981,1768480189.370,0.0002,Y
75520,2.873064,1768480211.647,0.0002,Y
76160,2.903468,1768480234.092,0.0002,Y
76800,2.966410,1768480256.511,0.0002,Y
77440,2.939634,1768480278.785,0.0002,Y
78080,2.915716,1768480300.841,0.0002,Y
78720,2.931363,1768480323.619,0.0002,Y
79360,2.890012,1768480346.530,0.0002,Y
80000,2.830554,1768480368.899,0.0002,Y
80640,2.905555,1768480391.869,0.0002,Y
81280,2.860482,1768480414.560,0.0002,Y
81920,2.873737,1768480436.841,0.0002,Y
82560,2.869515,1768480459.620,0.0002,Y
83200,2.824735,1768480482.544,0.0002,Y
83840,2.849841,1768480504.763,0.0002,Y
84480,2.826264,1768480528.075,0.0002,Y
85120,2.863748,1768480549.927,0.0002,Y
85760,2.800372,1768480572.037,0.0002,Y
86400,2.873711,1768480594.254,0.0002,Y
87040,2.776757,1768480616.926,0.0002,Y
87680,2.783532,1768480639.830,0.0002,Y
88320,2.789701,1768480662.915,0.0002,Y
88960,2.734932,1768480685.509,0.0002,Y
89600,2.784125,1768480707.756,0.0002,Y
90240,2.852974,1768480729.850,0.0002,Y
90880,2.771880,1768480751.613,0.0002,Y
91520,2.770647,1768480774.062,0.0002,Y
92160,2.751276,1768480796.711,0.0002,Y
92800,2.734945,1768480818.332,0.0002,Y
93440,2.716011,1768480840.752,0.0002,Y
94080,2.742523,1768480863.226,0.0002,Y
94720,2.770183,1768480884.994,0.0002,Y
95360,2.785408,1768480906.590,0.0002,Y
96000,2.726116,1768480929.071,0.0002,Y
96640,2.694346,1768480951.636,0.0002,Y
97280,2.721790,1768480973.694,0.0002,Y
97920,2.651048,1768480996.259,0.0002,Y
98560,2.718011,1768481018.180,0.0002,Y
99200,2.735428,1768481040.189,0.0002,Y
99840,2.752449,1768481061.794,0.0002,Y
100480,2.753810,1768481083.461,0.0002,Y
101120,2.714556,1768481105.031,0.0002,Y
101760,2.754000,1768481127.140,0.0002,Y
102400,2.689782,1768481148.296,0.0002,Y
103040,2.700895,1768481169.611,0.0002,Y
103680,2.689638,1768481191.509,0.0002,Y
104320,2.637373,1768481212.856,0.0002,Y
104960,2.670909,1768481234.954,0.0002,Y
105600,2.713403,1768481256.402,0.0002,Y
106240,2.645796,1768481278.649,0.0002,Y
106880,2.626012,1768481300.251,0.0002,Y
107520,2.640454,1768481322.216,0.0002,Y
108160,2.675994,1768481344.322,0.0002,Y
108800,2.623410,1768481366.162,0.0002,Y
109440,2.633091,1768481388.049,0.0002,Y
110080,2.582141,1768481410.434,0.0002,Y
110720,2.596139,1768481432.567,0.0002,Y
111360,2.586303,1768481454.905,0.0002,Y
112000,2.693449,1768481476.468,0.0002,Y
112640,2.612438,1768481498.163,0.0002,Y
113280,2.641202,1768481520.165,0.0002,Y
113920,2.633145,1768481541.966,0.0002,Y
114560,2.585622,1768481563.912,0.0002,Y
115200,2.509601,1768481585.847,0.0002,Y
115840,2.634221,1768481607.701,0.0002,Y
116480,2.579955,1768481630.141,0.0002,Y
117120,2.581661,1768481651.943,0.0002,Y
117760,2.564645,1768481673.515,0.0002,Y
118400,2.610491,1768481695.756,0.0002,Y
119040,2.567910,1768481717.227,0.0002,Y
119680,2.604970,1768481739.328,0.0002,Y
120320,2.504354,1768481761.199,0.0002,Y
120960,2.589152,1768481783.377,0.0002,Y
121600,2.566926,1768481806.063,0.0002,Y
122240,2.536502,1768481827.806,0.0002,Y
122880,2.542267,1768481850.067,0.0002,Y
123520,2.533253,1768481871.963,0.0002,Y
124160,2.515813,1768481893.894,0.0002,Y
124800,2.592898,1768481915.365,0.0002,Y
125440,2.586974,1768481937.377,0.0002,Y
126080,2.528280,1768481959.343,0.0002,Y
126720,2.548027,1768481981.503,0.0002,Y
127360,2.555314,1768482003.151,0.0002,Y
128000,2.513405,1768482025.794,0.0002,Y
128640,2.564274,1768482047.812,0.0002,Y
129280,2.552528,1768482070.040,0.0002,Y
129920,2.473023,1768482092.114,0.0002,Y
130560,2.502936,1768482113.835,0.0002,Y
131200,2.545255,1768482135.651,0.0002,Y
131840,2.559431,1768482158.018,0.0002,Y
132480,2.552074,1768482179.871,0.0002,Y
133120,2.507473,1768482201.384,0.0002,Y
133760,2.479790,1768482223.426,0.0002,Y
134400,2.463165,1768482245.465,0.0002,Y
135040,2.482776,1768482267.329,0.0002,Y
135680,2.484344,1768482289.729,0.0002,Y
136320,2.484201,1768482311.315,0.0002,Y
136960,2.524409,1768482332.935,0.0002,Y
137600,2.532409,1768482354.529,0.0002,Y
138240,2.416442,1768482376.301,0.0002,Y
138880,2.511931,1768482398.053,0.0002,Y
139520,2.489149,1768482420.130,0.0002,Y
140160,2.485920,1768482442.000,0.0002,Y
140800,2.479821,1768482464.207,0.0002,Y
141440,2.472897,1768482485.996,0.0002,Y
142080,2.473757,1768482507.693,0.0002,Y
142720,2.534048,1768482529.726,0.0002,Y
143360,2.452555,1768482552.365,0.0002,Y
144000,2.431227,1768482574.237,0.0002,Y
144640,2.477173,1768482596.166,0.0002,Y
145280,2.462736,1768482617.995,0.0002,Y
145920,2.408487,1768482640.022,0.0002,Y
146560,2.547645,1768482662.193,0.0002,Y
147200,2.441514,1768482683.698,0.0002,Y
147840,2.440653,1768482705.871,0.0002,Y
148480,2.517102,1768482728.174,0.0002,Y
149120,2.426982,1768482749.907,0.0002,Y
149760,2.451204,1768482771.796,0.0002,Y
150400,2.480873,1768482793.806,0.0002,Y
151040,2.444409,1768482815.834,0.0002,Y
151680,2.418733,1768482837.754,0.0002,Y
152320,2.379206,1768482859.408,0.0002,Y
152960,2.478964,1768482881.619,0.0002,Y
153600,2.390526,1768482903.012,0.0002,Y
154240,2.446195,1768482924.823,0.0002,Y
154880,2.411815,1768482947.391,0.0002,Y
155520,2.427785,1768482969.392,0.0002,Y
156160,2.412440,1768482991.187,0.0002,Y
156800,2.406652,1768483013.573,0.0002,Y
157440,2.428654,1768483035.280,0.0002,Y
158080,2.431071,1768483057.554,0.0002,Y
158720,2.384332,1768483080.255,0.0002,Y
159360,2.432202,1768483101.720,0.0002,Y
160000,2.407603,1768483123.818,0.0002,Y
160640,2.397899,1768483145.841,0.0002,Y
161280,2.387679,1768483167.538,0.0002,Y
161920,2.399266,1768483189.083,0.0002,Y
162560,2.447622,1768483211.460,0.0002,Y
163200,2.411010,1768483233.428,0.0002,Y
163840,2.440271,1768483255.494,0.0002,Y
164480,2.348874,1768483277.293,0.0002,Y
165120,2.398850,1768483299.415,0.0002,Y
165760,2.387154,1768483321.802,0.0002,Y
166400,2.392977,1768483344.664,0.0002,Y
167040,2.407881,1768483366.304,0.0002,Y
167680,2.407671,1768483388.728,0.0002,Y
168320,2.339996,1768483411.028,0.0002,Y
168960,2.340144,1768483432.728,0.0002,Y
169600,2.340970,1768483454.567,0.0002,Y
170240,2.373223,1768483476.916,0.0002,Y
170880,2.362265,1768483499.413,0.0002,Y
171520,2.308645,1768483521.255,0.0002,Y
172160,2.329141,1768483543.781,0.0002,Y
172800,2.352921,1768483565.416,0.0002,Y
173440,2.453723,1768483587.704,0.0002,Y
174080,2.317770,1768483609.702,0.0002,Y
174720,2.405123,1768483631.188,0.0002,Y
175360,2.364026,1768483652.969,0.0002,Y
176000,2.254309,1768483674.771,0.0002,Y
176640,2.361362,1768483696.241,0.0002,Y
177280,2.401398,1768483718.280,0.0002,Y
177920,2.390283,1768483740.725,0.0002,Y
178560,2.292333,1768483762.547,0.0002,Y
179200,2.331257,1768483785.049,0.0002,Y
179840,2.336271,1768483807.397,0.0002,Y
180480,2.347117,1768483829.146,0.0002,Y
181120,2.387967,1768483850.696,0.0002,Y
181760,2.290979,1768483873.020,0.0002,Y
182400,2.334252,1768483895.364,0.0002,Y
183040,2.350386,1768483917.402,0.0002,Y
183680,2.298179,1768483939.780,0.0002,Y
184320,2.293893,1768483961.540,0.0002,Y
184960,2.288475,1768483983.915,0.0002,Y
185600,2.292764,1768484006.237,0.0002,Y
186240,2.301164,1768484028.661,0.0002,Y
186880,2.272802,1768484050.652,0.0002,Y
187520,2.269264,1768484073.282,0.0002,Y
188160,2.289976,1768484095.242,0.0002,Y
188800,2.346885,1768484116.793,0.0002,Y
189440,2.283008,1768484139.090,0.0002,Y
190080,2.310508,1768484161.022,0.0002,Y
190720,2.307153,1768484182.469,0.0002,Y
191360,2.256789,1768484204.625,0.0002,Y
192000,2.327683,1768484226.783,0.0002,Y
192640,2.302371,1768484248.900,0.0002,Y
193280,2.287531,1768484270.488,0.0002,Y
193920,2.354592,1768484292.158,0.0002,Y
194560,2.228478,1768484314.258,0.0002,Y
195200,2.332956,1768484336.318,0.0002,Y
195840,2.274663,1768484358.106,0.0002,Y
196480,2.340363,1768484379.976,0.0002,Y
197120,2.264944,1768484401.982,0.0002,Y
197760,2.297189,1768484423.637,0.0002,Y
198400,2.318743,1768484445.709,0.0002,Y
199040,2.260977,1768484467.956,0.0002,Y
199680,2.277105,1768484490.004,0.0002,Y
200320,2.257355,1768484512.215,0.0002,Y
200960,2.211403,1768484534.348,0.0002,Y
201600,2.313433,1768484556.776,0.0002,Y
202240,2.274848,1768484579.039,0.0002,Y
202880,2.261222,1768484601.209,0.0002,Y
203520,2.268254,1768484622.828,0.0002,Y
204160,2.296915,1768484644.997,0.0002,Y
204800,2.223005,1768484667.095,0.0002,Y
205440,2.273394,1768484689.265,0.0002,Y
206080,2.254592,1768484710.947,0.0002,Y
206720,2.272201,1768484733.667,0.0002,Y
207360,2.274591,1768484755.091,0.0002,Y
208000,2.234767,1768484776.636,0.0002,Y
208640,2.190094,1768484798.729,0.0002,Y
209280,2.218033,1768484820.807,0.0002,Y
209920,2.258243,1768484842.814,0.0002,Y
210560,2.175271,1768484864.999,0.0002,Y
211200,2.296144,1768484886.690,0.0002,Y
211840,2.220030,1768484908.579,0.0002,Y
212480,2.246589,1768484930.499,0.0002,Y
213120,2.263586,1768484952.294,0.0002,Y
213760,2.164627,1768484974.020,0.0002,Y
214400,2.226795,1768484996.568,0.0002,Y
215040,2.224814,1768485018.466,0.0002,Y
215680,2.204499,1768485039.793,0.0002,Y
216320,2.319166,1768485061.968,0.0002,Y
216960,2.214679,1768485083.889,0.0002,Y
217600,2.220495,1768485105.873,0.0002,Y
218240,2.188253,1768485127.721,0.0002,Y
218880,2.242759,1768485149.358,0.0002,Y
219520,2.129479,1768485171.033,0.0002,Y
220160,2.249024,1768485193.535,0.0002,Y
220800,2.159140,1768485215.177,0.0002,Y
221440,2.168167,1768485236.396,0.0002,Y
222080,2.187949,1768485258.567,0.0002,Y
222720,2.205092,1768485280.905,0.0002,Y
223360,2.207255,1768485302.893,0.0002,Y
224000,2.235429,1768485325.410,0.0002,Y
224640,2.176183,1768485347.482,0.0002,Y
225280,2.196492,1768485369.045,0.0002,Y
225920,2.167301,1768485391.244,0.0002,Y
226560,2.231144,1768485413.218,0.0002,Y
227200,2.178996,1768485435.049,0.0002,Y
227840,2.141675,1768485456.980,0.0002,Y
228480,2.166702,1768485479.076,0.0002,Y
229120,2.205694,1768485500.753,0.0002,Y
229760,2.226137,1768485523.146,0.0002,Y
230400,2.227317,1768485544.957,0.0002,Y
231040,2.216941,1768485566.939,0.0002,Y
231680,2.200426,1768485589.674,0.0002,Y
232320,2.158040,1768485611.889,0.0002,Y
232960,2.225335,1768485633.695,0.0002,Y
233600,2.145201,1768485655.466,0.0002,Y
234240,2.207251,1768485677.293,0.0002,Y
234880,2.160402,1768485699.583,0.0002,Y
235520,2.102747,1768485721.623,0.0002,Y
236160,2.146900,1768485743.672,0.0002,Y
236800,2.142659,1768485765.592,0.0002,Y
237440,2.140658,1768485787.559,0.0002,Y
238080,2.144137,1768485810.167,0.0002,Y
238720,2.175161,1768485832.410,0.0002,Y
239360,2.164584,1768485853.650,0.0002,Y
240000,2.258855,1768485875.708,0.0002,Y
240640,2.075755,1768485897.806,0.0002,Y
241280,2.145095,1768485919.599,0.0002,Y
241920,2.151323,1768485941.935,0.0002,Y
242560,2.139779,1768485964.500,0.0002,Y
243200,2.104377,1768485986.688,0.0002,Y
243840,2.193239,1768486009.270,0.0002,Y
244480,2.166963,1768486031.316,0.0002,Y
245120,2.130156,1768486053.583,0.0002,Y
245760,2.083748,1768486076.181,0.0002,Y
246400,2.147400,1768486098.175,0.0002,Y
247040,2.160765,1768486120.263,0.0002,Y
247680,2.099291,1768486142.399,0.0002,Y
248320,2.120347,1768486164.574,0.0002,Y
248960,2.101903,1768486186.291,0.0002,Y
249600,2.225493,1768486208.639,0.0002,Y
250240,2.145447,1768486230.466,0.0002,Y
250880,2.116849,1768486252.303,0.0002,Y
251520,2.058367,1768486274.412,0.0002,Y
252160,2.102388,1768486296.235,0.0002,Y
252800,2.120415,1768486317.925,0.0002,Y
253440,2.186649,1768486340.344,0.0002,Y
254080,2.133500,1768486362.010,0.0002,Y
254720,2.162326,1768486384.047,0.0002,Y
255360,2.118100,1768486406.114,0.0002,Y
256000,2.136559,1768486428.056,0.0002,Y
256640,2.081201,1768486449.428,0.0002,Y
257280,2.126463,1768486471.900,0.0002,Y
257920,2.142684,1768486494.212,0.0002,Y
258560,2.261367,1768486515.477,0.0002,Y
259200,2.065826,1768486537.593,0.0002,Y
259840,2.166291,1768486559.392,0.0002,Y
260480,2.136675,1768486581.282,0.0002,Y
261120,2.173345,1768486603.929,0.0002,Y
261760,2.153997,1768486626.087,0.0002,Y
262400,2.111734,1768486648.284,0.0002,Y
263040,2.181404,1768486669.702,0.0002,Y
263680,2.127860,1768486692.111,0.0002,Y
264320,2.139411,1768486714.208,0.0002,Y
264960,2.112839,1768486736.712,0.0002,Y
265600,2.182955,1768486758.641,0.0002,Y
266240,2.122849,1768486780.547,0.0002,Y
266880,2.113850,1768486802.229,0.0002,Y
267520,2.046962,1768486824.489,0.0002,Y
268160,2.105386,1768486846.467,0.0002,Y
268800,2.110833,1768486867.700,0.0002,Y
269440,2.090785,1768486889.504,0.0002,Y
270080,2.160531,1768486910.750,0.0002,Y
270720,2.083808,1768486933.250,0.0002,Y
271360,2.146449,1768486955.431,0.0002,Y
272000,2.162503,1768486976.989,0.0002,Y
272640,2.032047,1768486999.169,0.0002,Y
273280,2.095398,1768487021.070,0.0002,Y
273920,2.020124,1768487043.395,0.0002,Y
274560,2.056107,1768487064.978,0.0002,Y
275200,2.030524,1768487087.044,0.0002,Y
275840,2.094765,1768487109.480,0.0002,Y
276480,2.083255,1768487131.577,0.0002,Y
277120,2.022030,1768487153.423,0.0002,Y
277760,2.134102,1768487174.921,0.0002,Y
278400,2.070588,1768487196.377,0.0002,Y
279040,2.170623,1768487219.114,0.0002,Y
279680,2.115184,1768487240.865,0.0002,Y
280320,2.115305,1768487262.389,0.0002,Y
280960,2.011963,1768487284.290,0.0002,Y
281600,2.219706,1768487305.767,0.0002,Y
282240,2.073126,1768487327.277,0.0002,Y
282880,2.118404,1768487349.817,0.0002,Y
283520,2.133855,1768487371.527,0.0002,Y
284160,2.091552,1768487393.857,0.0002,Y
284800,1.983658,1768487415.449,0.0002,Y
285440,2.100944,1768487437.438,0.0002,Y
286080,2.120747,1768487459.766,0.0002,Y
286720,2.103120,1768487482.323,0.0002,Y
287360,2.080250,1768487504.655,0.0002,Y
288000,2.133870,1768487526.106,0.0002,Y
288640,2.140886,1768487547.665,0.0002,Y
289280,2.059982,1768487570.149,0.0002,Y
289920,2.104222,1768487592.032,0.0002,Y
290560,2.040036,1768487613.639,0.0002,Y
291200,2.003276,1768487635.989,0.0002,Y
291840,2.054409,1768487658.266,0.0002,Y
292480,2.009064,1768487680.716,0.0002,Y
293120,2.057070,1768487702.051,0.0002,Y
293760,2.097645,1768487723.393,0.0002,Y
294400,2.068096,1768487745.450,0.0002,Y
295040,2.064236,1768487767.611,0.0002,Y
295680,2.058189,1768487789.602,0.0002,Y
296320,2.037922,1768487811.385,0.0002,Y
296960,2.005551,1768487833.334,0.0002,Y
297600,2.098581,1768487855.225,0.0002,Y
298240,2.085012,1768487877.379,0.0002,Y
298880,2.074249,1768487899.401,0.0002,Y
299520,2.069895,1768487921.424,0.0002,Y
300160,2.005618,1768487943.409,0.0002,Y
300800,2.009953,1768487965.318,0.0002,Y
301440,2.061332,1768487987.094,0.0002,Y
302080,2.043948,1768488008.696,0.0002,Y
302720,2.105663,1768488030.360,0.0002,Y
303360,2.017311,1768488053.134,0.0002,Y
304000,1.963347,1768488075.267,0.0002,Y
304640,2.089369,1768488097.341,0.0002,Y
305280,2.067347,1768488119.454,0.0002,Y
305920,2.020128,1768488141.358,0.0002,Y
306560,2.134295,1768488162.790,0.0002,Y
307200,2.050438,1768488185.399,0.0002,Y
307840,2.047159,1768488207.125,0.0002,Y
308480,2.076616,1768488229.046,0.0002,Y
309120,2.011561,1768488250.785,0.0002,Y
309760,2.025013,1768488273.043,0.0002,Y
310400,1.983962,1768488295.264,0.0002,Y
311040,2.061331,1768488317.966,0.0002,Y
311680,2.060360,1768488340.265,0.0002,Y
312320,1.990648,1768488361.997,0.0002,Y
312960,2.058638,1768488384.348,0.0002,Y
313600,1.959409,1768488406.330,0.0002,Y
314240,2.127598,1768488428.058,0.0002,Y
314880,2.057044,1768488450.597,0.0002,Y
315520,2.034486,1768488472.137,0.0002,Y
316160,2.022762,1768488494.547,0.0002,Y
316800,2.083532,1768488516.380,0.0002,Y
317440,2.018475,1768488538.591,0.0002,Y
318080,1.972190,1768488560.770,0.0002,Y
318720,2.007783,1768488582.927,0.0002,Y
319360,2.080733,1768488604.590,0.0002,Y
320000,1.995787,1768488625.983,0.0002,Y
320640,2.037073,1768488647.448,0.0002,Y
321280,1.983730,1768488669.594,0.0002,Y
321920,1.941145,1768488691.190,0.0002,Y
322560,1.970593,1768488713.388,0.0002,Y
323200,2.065081,1768488735.430,0.0002,Y
323840,2.004614,1768488757.673,0.0002,Y
324480,2.016025,1768488779.259,0.0002,Y
325120,2.007834,1768488801.125,0.0002,Y
325760,1.969701,1768488823.184,0.0002,Y
326400,2.000151,1768488845.533,0.0002,Y
327040,2.026693,1768488867.434,0.0002,Y
327680,2.045884,1768488888.622,0.0002,Y
328320,2.084554,1768488910.540,0.0002,Y
328960,2.037151,1768488932.972,0.0002,Y
329600,2.094094,1768488954.808,0.0002,Y
330240,1.894875,1768488977.064,0.0002,Y
330880,2.026053,1768488999.235,0.0002,Y
331520,1.963633,1768489020.902,0.0002,Y
332160,2.007192,1768489042.540,0.0002,Y
332800,1.949966,1768489065.297,0.0002,Y
333440,1.987216,1768489087.818,0.0002,Y
334080,1.943014,1768489109.732,0.0002,Y
334720,2.015979,1768489131.615,0.0002,Y
335360,1.995230,1768489152.925,0.0002,Y
336000,2.020497,1768489174.774,0.0002,Y
336640,1.901027,1768489196.909,0.0002,Y
337280,1.962889,1768489218.181,0.0002,Y
337920,2.016565,1768489240.303,0.0002,Y
338560,2.031311,1768489261.758,0.0002,Y
339200,2.018777,1768489283.696,0.0002,Y
339840,1.969472,1768489305.713,0.0002,Y
340480,1.942775,1768489327.570,0.0002,Y
341120,2.070045,1768489349.704,0.0002,Y
341760,2.000122,1768489371.720,0.0002,Y
342400,2.015837,1768489393.714,0.0002,Y
343040,1.911601,1768489415.900,0.0002,Y
343680,2.001178,1768489437.643,0.0002,Y
344320,2.020434,1768489459.795,0.0002,Y
344960,1.921297,1768489481.266,0.0002,Y
345600,1.978749,1768489502.631,0.0002,Y
346240,1.895738,1768489524.504,0.0002,Y
346880,1.879238,1768489546.694,0.0002,Y
347520,1.955104,1768489568.784,0.0002,Y
348160,1.994081,1768489590.845,0.0002,Y
348800,1.954571,1768489613.143,0.0002,Y
349440,1.968444,1768489634.906,0.0002,Y
350080,1.985639,1768489656.573,0.0002,Y
350720,2.039879,1768489679.029,0.0002,Y
351360,1.921102,1768489701.328,0.0002,Y
352000,1.896199,1768489722.596,0.0002,Y
352640,2.065006,1768489744.470,0.0002,Y
353280,1.863565,1768489767.142,0.0002,Y
353920,2.010749,1768489788.639,0.0002,Y
354560,1.985825,1768489810.411,0.0002,Y
355200,1.942268,1768489832.357,0.0002,Y
355840,1.950867,1768489854.587,0.0002,Y
356480,1.906903,1768489876.648,0.0002,Y
357120,1.917055,1768489898.005,0.0002,Y
357760,2.019091,1768489918.993,0.0002,Y
358400,1.827827,1768489941.209,0.0002,Y
359040,1.876853,1768489962.925,0.0002,Y
359680,1.929405,1768489984.707,0.0002,Y
360320,1.999268,1768490006.671,0.0002,Y
360960,2.040609,1768490028.453,0.0002,Y
361600,1.979482,1768490050.131,0.0002,Y
362240,1.988433,1768490072.191,0.0002,Y
362880,1.908301,1768490093.883,0.0002,Y
363520,1.964630,1768490115.828,0.0002,Y
364160,1.971441,1768490137.550,0.0002,Y
364800,1.974459,1768490159.580,0.0002,Y
365440,1.856676,1768490181.750,0.0002,Y
366080,1.925004,1768490203.934,0.0002,Y
366720,1.976657,1768490225.802,0.0002,Y
367360,1.931918,1768490247.612,0.0002,Y
368000,1.996604,1768490269.664,0.0002,Y
368640,1.924025,1768490292.092,0.0002,Y
369280,1.886121,1768490314.349,0.0002,Y
369920,1.957143,1768490336.226,0.0002,Y
370560,1.934891,1768490358.278,0.0002,Y
371200,1.890915,1768490379.888,0.0002,Y
371840,1.947347,1768490401.950,0.0002,Y
372480,1.972895,1768490423.254,0.0002,Y
373120,1.908354,1768490445.279,0.0002,Y
373760,1.980197,1768490466.757,0.0002,Y
374400,1.945957,1768490488.625,0.0002,Y
375040,1.975286,1768490510.722,0.0002,Y
375680,1.937120,1768490532.742,0.0002,Y
376320,1.910550,1768490554.453,0.0002,Y
376960,1.951798,1768490576.154,0.0002,Y
377600,1.909510,1768490597.966,0.0002,Y
378240,1.966095,1768490619.682,0.0002,Y
378880,1.972276,1768490641.685,0.0002,Y
379520,2.013413,1768490663.614,0.0002,Y
380160,1.790251,1768490686.029,0.0002,Y
380800,1.960188,1768490707.333,0.0002,Y
381440,1.914593,1768490729.083,0.0002,Y
382080,1.903292,1768490750.914,0.0002,Y
382720,1.880366,1768490772.856,0.0002,Y
383360,1.921287,1768490794.846,0.0002,Y
384000,1.926073,1768490817.132,0.0002,Y
384640,1.940723,1768490839.222,0.0002,Y
385280,1.893609,1768490861.169,0.0002,Y
385920,1.905785,1768490882.619,0.0002,Y
386560,1.878093,1768490904.536,0.0002,Y
387200,1.915445,1768490927.052,0.0002,Y
387840,1.835204,1768490949.024,0.0002,Y
388480,1.942777,1768490970.567,0.0002,Y
389120,1.896652,1768490993.167,0.0002,Y
389760,1.884419,1768491015.050,0.0002,Y
390400,1.973614,1768491037.175,0.0002,Y
391040,1.889996,1768491059.153,0.0002,Y
391680,1.925364,1768491081.368,0.0002,Y
392320,1.891388,1768491103.381,0.0002,Y
392960,1.913401,1768491125.250,0.0002,Y
393600,1.866748,1768491147.658,0.0002,Y
394240,2.027180,1768491169.476,0.0002,Y
394880,1.888668,1768491191.391,0.0002,Y
395520,1.955167,1768491213.322,0.0002,Y
396160,1.845467,1768491235.663,0.0002,Y
396800,2.009458,1768491257.680,0.0002,Y
397440,2.007384,1768491279.335,0.0002,Y
398080,1.893490,1768491301.022,0.0002,Y
398720,1.894037,1768491322.930,0.0002,Y
399360,1.992195,1768491345.341,0.0002,Y
400000,1.926706,1768491367.320,0.0001,Y
400640,1.924617,1768491389.538,0.0001,Y
401280,1.829057,1768491411.601,0.0001,Y
401920,1.796971,1768491433.737,0.0001,Y
402560,1.918106,1768491456.712,0.0001,Y
403200,1.869907,1768491478.212,0.0001,Y
403840,1.874727,1768491499.985,0.0001,Y
404480,1.850076,1768491522.127,0.0001,Y
405120,1.885310,1768491544.318,0.0001,Y
405760,1.857622,1768491566.273,0.0001,Y
406400,1.865013,1768491588.026,0.0001,Y
407040,1.938356,1768491609.729,0.0001,Y
407680,1.880123,1768491631.524,0.0001,Y
408320,1.954593,1768491653.835,0.0001,Y
408960,1.927351,1768491675.535,0.0001,Y
409600,1.933894,1768491697.516,0.0001,Y
410240,1.822031,1768491719.457,0.0001,Y
410880,1.961602,1768491741.280,0.0001,Y
411520,1.899704,1768491762.827,0.0001,Y
412160,1.929605,1768491784.832,0.0001,Y
412800,1.847060,1768491807.027,0.0001,Y
413440,1.864942,1768491828.454,0.0001,Y
414080,1.843514,1768491850.468,0.0001,Y
414720,1.914061,1768491872.275,0.0001,Y
415360,1.929335,1768491894.801,0.0001,Y
416000,1.869030,1768491917.549,0.0001,Y
416640,1.884290,1768491939.480,0.0001,Y
417280,1.893247,1768491961.245,0.0001,Y
417920,1.857490,1768491983.185,0.0001,Y
418560,1.865223,1768492005.032,0.0001,Y
419200,1.902634,1768492027.181,0.0001,Y
419840,1.897107,1768492049.217,0.0001,Y
420480,1.908819,1768492069.862,0.0001,Y
421120,1.863295,1768492092.353,0.0001,Y
421760,1.886719,1768492115.107,0.0001,Y
422400,1.875742,1768492137.063,0.0001,Y
423040,1.869243,1768492159.685,0.0001,Y
423680,1.920519,1768492181.237,0.0001,Y
424320,1.905462,1768492202.895,0.0001,Y
424960,1.912589,1768492224.407,0.0001,Y
425600,1.870572,1768492246.818,0.0001,Y
426240,1.920518,1768492268.992,0.0001,Y
426880,1.928581,1768492291.757,0.0001,Y
427520,1.849567,1768492314.050,0.0001,Y
428160,1.888145,1768492336.502,0.0001,Y
428800,1.883441,1768492359.059,0.0001,Y
429440,1.902506,1768492381.215,0.0001,Y
430080,1.875825,1768492402.848,0.0001,Y
430720,1.880905,1768492425.264,0.0001,Y
431360,1.940259,1768492446.936,0.0001,Y
432000,1.850029,1768492468.997,0.0001,Y
432640,1.928497,1768492490.771,0.0001,Y
433280,1.860615,1768492513.463,0.0001,Y
433920,1.871532,1768492535.467,0.0001,Y
434560,1.863691,1768492556.932,0.0001,Y
435200,1.910358,1768492579.165,0.0001,Y
435840,1.896135,1768492601.199,0.0001,Y
436480,1.903381,1768492623.057,0.0001,Y
437120,1.929164,1768492644.790,0.0001,Y
437760,1.832792,1768492666.551,0.0001,Y
438400,1.864800,1768492688.692,0.0001,Y
439040,1.861553,1768492710.951,0.0001,Y
439680,1.881877,1768492732.653,0.0001,Y
440320,1.889188,1768492755.086,0.0001,Y
440960,1.854753,1768492777.055,0.0001,Y
441600,1.882530,1768492798.984,0.0001,Y
442240,1.956988,1768492820.488,0.0001,Y
442880,1.898212,1768492842.599,0.0001,Y
443520,1.901901,1768492863.697,0.0001,Y
444160,1.770877,1768492885.394,0.0001,Y
444800,1.912199,1768492906.822,0.0001,Y
445440,1.860800,1768492928.488,0.0001,Y
446080,1.939585,1768492950.389,0.0001,Y
446720,1.897474,1768492972.194,0.0001,Y
447360,1.910638,1768492994.256,0.0001,Y
448000,1.892146,1768493016.457,0.0001,Y
448640,1.864819,1768493038.524,0.0001,Y
449280,1.893339,1768493060.159,0.0001,Y
449920,1.904501,1768493082.242,0.0001,Y
450560,1.877284,1768493104.344,0.0001,Y
451200,1.802773,1768493126.390,0.0001,Y
451840,1.847402,1768493148.199,0.0001,Y
452480,1.839487,1768493170.190,0.0001,Y
453120,1.840385,1768493192.068,0.0001,Y
453760,1.896424,1768493214.311,0.0001,Y
454400,1.902854,1768493236.337,0.0001,Y
455040,1.862798,1768493258.182,0.0001,Y
455680,1.896315,1768493279.761,0.0001,Y
456320,1.891568,1768493302.175,0.0001,Y
456960,1.898895,1768493324.471,0.0001,Y
457600,2.003609,1768493346.041,0.0001,Y
458240,1.787384,1768493367.274,0.0001,Y
458880,1.871163,1768493389.385,0.0001,Y
459520,1.879853,1768493411.026,0.0001,Y
460160,1.876437,1768493433.058,0.0001,Y
460800,1.838209,1768493454.278,0.0001,Y
461440,1.866670,1768493476.536,0.0001,Y
462080,1.844856,1768493498.538,0.0001,Y
462720,1.843607,1768493519.928,0.0001,Y
463360,1.874867,1768493541.859,0.0001,Y
464000,1.887343,1768493563.822,0.0001,Y
464640,1.838102,1768493585.088,0.0001,Y
465280,1.868860,1768493607.131,0.0001,Y
465920,1.884741,1768493629.176,0.0001,Y
466560,1.916654,1768493650.903,0.0001,Y
467200,1.871177,1768493672.969,0.0001,Y
467840,1.850498,1768493694.855,0.0001,Y
468480,1.870782,1768493716.529,0.0001,Y
469120,1.851786,1768493738.443,0.0001,Y
469760,1.918509,1768493760.956,0.0001,Y
470400,1.849630,1768493782.745,0.0001,Y
471040,1.812545,1768493804.733,0.0001,Y
471680,1.953071,1768493826.993,0.0001,Y
472320,1.885414,1768493849.162,0.0001,Y
472960,1.878032,1768493870.801,0.0001,Y
473600,1.801175,1768493892.963,0.0001,Y
474240,1.850542,1768493915.014,0.0001,Y
474880,1.830236,1768493937.766,0.0001,Y
475520,1.866701,1768493959.623,0.0001,Y
476160,1.872677,1768493981.490,0.0001,Y
476800,1.819025,1768494003.191,0.0001,Y
477440,1.845033,1768494025.535,0.0001,Y
478080,1.841109,1768494047.624,0.0001,Y
478720,1.797877,1768494069.813,0.0001,Y
479360,1.841094,1768494091.329,0.0001,Y
480000,1.872973,1768494113.108,0.0001,Y
480640,1.880948,1768494134.854,0.0001,Y
481280,1.838326,1768494156.301,0.0001,Y
481920,1.930543,1768494177.840,0.0001,Y
482560,1.860198,1768494199.798,0.0001,Y
483200,1.834202,1768494221.445,0.0001,Y
483840,1.816978,1768494243.218,0.0001,Y
484480,1.873475,1768494264.741,0.0001,Y
485120,1.804483,1768494286.547,0.0001,Y
485760,1.845812,1768494308.554,0.0001,Y
486400,1.816492,1768494330.583,0.0001,Y
487040,1.790159,1768494353.048,0.0001,Y
487680,1.856877,1768494375.197,0.0001,Y
488320,1.839086,1768494397.369,0.0001,Y
488960,1.821700,1768494419.296,0.0001,Y
489600,1.881902,1768494441.267,0.0001,Y
490240,1.860653,1768494463.160,0.0001,Y
490880,1.831136,1768494484.880,0.0001,Y
491520,1.809055,1768494506.579,0.0001,Y
492160,1.935003,1768494528.471,0.0001,Y
492800,1.865293,1768494550.331,0.0001,Y
493440,1.871242,1768494572.714,0.0001,Y
494080,1.877417,1768494594.290,0.0001,Y
494720,1.898506,1768494615.857,0.0001,Y
495360,1.896546,1768494637.792,0.0001,Y
496000,1.791834,1768494659.604,0.0001,Y
496640,1.776936,1768494681.424,0.0001,Y
497280,1.862280,1768494703.002,0.0001,Y
497920,1.830914,1768494725.007,0.0001,Y
498560,1.730475,1768494747.018,0.0001,Y
499200,1.829248,1768494768.258,0.0001,Y
499840,1.856812,1768494790.445,0.0001,Y
500480,1.875564,1768494812.800,0.0001,Y
501120,1.936382,1768494834.881,0.0001,Y
501760,1.851320,1768494856.812,0.0001,Y
502400,1.826705,1768494878.763,0.0001,Y
503040,1.906274,1768494900.241,0.0001,Y
503680,1.906942,1768494922.333,0.0001,Y
504320,1.876310,1768494944.296,0.0001,Y
504960,1.840031,1768494966.020,0.0001,Y
505600,1.832416,1768494988.175,0.0001,Y
506240,1.870112,1768495009.880,0.0001,Y
506880,1.861495,1768495032.004,0.0001,Y
507520,1.831775,1768495054.198,0.0001,Y
508160,1.772397,1768495075.619,0.0001,Y
508800,1.768160,1768495096.966,0.0001,Y
509440,1.852914,1768495119.181,0.0001,Y
510080,1.885249,1768495141.413,0.0001,Y
510720,1.767808,1768495162.686,0.0001,Y
511360,1.855200,1768495184.622,0.0001,Y
512000,1.833489,1768495206.601,0.0001,Y
512640,1.793570,1768495228.370,0.0001,Y
513280,1.848827,1768495250.002,0.0001,Y
513920,1.804365,1768495271.996,0.0001,Y
514560,1.864265,1768495293.909,0.0001,Y
515200,1.810162,1768495315.168,0.0001,Y
515840,1.909006,1768495336.378,0.0001,Y
516480,1.805396,1768495358.484,0.0001,Y
517120,1.819481,1768495380.178,0.0001,Y
517760,1.872161,1768495402.640,0.0001,Y
518400,1.820546,1768495425.002,0.0001,Y
519040,1.835551,1768495447.293,0.0001,Y
519680,1.866067,1768495468.709,0.0001,Y
520320,1.816068,1768495490.648,0.0001,Y
520960,1.899202,1768495512.894,0.0001,Y
521600,1.754777,1768495534.648,0.0001,Y
522240,1.826719,1768495556.791,0.0001,Y
522880,1.868534,1768495578.437,0.0001,Y
523520,1.829952,1768495600.172,0.0001,Y
524160,1.785119,1768495622.369,0.0001,Y
524800,1.836894,1768495644.367,0.0001,Y
525440,1.888455,1768495666.100,0.0001,Y
526080,1.856194,1768495688.358,0.0001,Y
526720,1.831255,1768495710.297,0.0001,Y
527360,1.740232,1768495731.995,0.0001,Y
528000,1.871481,1768495754.638,0.0001,Y
528640,1.793868,1768495776.168,0.0001,Y
529280,1.848105,1768495797.989,0.0001,Y
529920,1.839038,1768495820.093,0.0001,Y
530560,1.796649,1768495841.706,0.0001,Y
531200,1.855284,1768495863.662,0.0001,Y
531840,1.812597,1768495886.450,0.0001,Y
532480,1.887770,1768495908.399,0.0001,Y
533120,1.851615,1768495929.934,0.0001,Y
533760,1.972026,1768495951.781,0.0001,Y
534400,1.825906,1768495973.916,0.0001,Y
535040,1.878609,1768495995.499,0.0001,Y
535680,1.831952,1768496017.760,0.0001,Y
536320,1.810383,1768496040.248,0.0001,Y
536960,1.851151,1768496062.579,0.0001,Y
537600,1.800383,1768496084.017,0.0001,Y
538240,1.937017,1768496106.328,0.0001,Y
538880,1.794559,1768496128.046,0.0001,Y
539520,1.840382,1768496150.410,0.0001,Y
540160,1.775261,1768496172.210,0.0001,Y
540800,1.795873,1768496194.084,0.0001,Y
541440,1.885866,1768496215.856,0.0001,Y
542080,1.884096,1768496237.785,0.0001,Y
542720,1.842531,1768496259.421,0.0001,Y
543360,1.768979,1768496280.773,0.0001,Y
544000,1.792867,1768496303.345,0.0001,Y
544640,1.845418,1768496325.257,0.0001,Y
545280,1.767673,1768496347.351,0.0001,Y
545920,1.836074,1768496369.331,0.0001,Y
546560,1.827566,1768496390.907,0.0001,Y
547200,1.820975,1768496412.300,0.0001,Y
547840,1.828329,1768496433.937,0.0001,Y
548480,1.782236,1768496455.576,0.0001,Y
549120,1.849434,1768496477.143,0.0001,Y
549760,1.789571,1768496498.138,0.0001,Y
550400,1.815248,1768496520.193,0.0001,Y
551040,1.854129,1768496542.039,0.0001,Y
551680,1.846908,1768496563.480,0.0001,Y
552320,1.828280,1768496585.747,0.0001,Y
552960,1.885018,1768496607.159,0.0001,Y
553600,1.749080,1768496628.870,0.0001,Y
554240,1.864727,1768496650.738,0.0001,Y
554880,1.793043,1768496672.613,0.0001,Y
555520,1.803204,1768496694.762,0.0001,Y
556160,1.811072,1768496716.789,0.0001,Y
556800,1.861960,1768496738.481,0.0001,Y
557440,1.808770,1768496759.696,0.0001,Y
558080,1.818689,1768496781.445,0.0001,Y
558720,1.828683,1768496803.619,0.0001,Y
559360,1.851393,1768496825.571,0.0001,Y
560000,1.872912,1768496847.776,0.0001,Y
560640,1.807808,1768496870.742,0.0001,Y
561280,1.893481,1768496891.963,0.0001,Y
561920,1.782818,1768496913.723,0.0001,Y
562560,1.813667,1768496935.848,0.0001,Y
563200,1.768043,1768496957.599,0.0001,Y
563840,1.836592,1768496979.520,0.0001,Y
564480,1.770599,1768497001.195,0.0001,Y
565120,1.843441,1768497022.873,0.0001,Y
565760,1.807659,1768497045.058,0.0001,Y
566400,1.827170,1768497066.858,0.0001,Y
567040,1.825304,1768497088.631,0.0001,Y
567680,1.832662,1768497110.758,0.0001,Y
568320,1.843367,1768497132.484,0.0001,Y
568960,1.814554,1768497154.543,0.0001,Y
569600,1.738290,1768497176.529,0.0001,Y
570240,1.879003,1768497198.180,0.0001,Y
570880,1.821510,1768497220.179,0.0001,Y
571520,1.809256,1768497241.352,0.0001,Y
572160,1.820224,1768497263.251,0.0001,Y
572800,1.886766,1768497284.958,0.0001,Y
573440,1.806444,1768497307.032,0.0001,Y
574080,1.814143,1768497328.988,0.0001,Y
574720,1.788748,1768497351.172,0.0001,Y
575360,1.770937,1768497373.052,0.0001,Y
576000,1.805078,1768497395.276,0.0001,Y
576640,1.768865,1768497417.299,0.0001,Y
577280,1.713732,1768497438.731,0.0001,Y
577920,1.809683,1768497460.583,0.0001,Y
578560,1.800976,1768497482.449,0.0001,Y
579200,1.788488,1768497504.196,0.0001,Y
579840,1.779202,1768497525.982,0.0001,Y
580480,1.814022,1768497548.231,0.0001,Y
581120,1.767966,1768497569.757,0.0001,Y
581760,1.773005,1768497591.381,0.0001,Y
582400,1.853962,1768497613.787,0.0001,Y
583040,1.777924,1768497635.638,0.0001,Y
583680,1.899759,1768497657.787,0.0001,Y
584320,1.824671,1768497680.135,0.0001,Y
584960,1.819834,1768497701.616,0.0001,Y
585600,1.781959,1768497722.707,0.0001,Y
586240,1.800943,1768497744.889,0.0001,Y
586880,1.833465,1768497766.754,0.0001,Y
587520,1.830079,1768497789.270,0.0001,Y
588160,1.728348,1768497811.128,0.0001,Y
588800,1.764176,1768497833.220,0.0001,Y
589440,1.824024,1768497855.063,0.0001,Y
590080,1.756954,1768497876.939,0.0001,Y
590720,1.784721,1768497898.985,0.0001,Y
591360,1.760633,1768497920.599,0.0001,Y
592000,1.845435,1768497942.447,0.0001,Y
592640,1.771407,1768497964.391,0.0001,Y
593280,1.770621,1768497985.816,0.0001,Y
593920,1.827731,1768498007.332,0.0001,Y
594560,1.782669,1768498029.352,0.0001,Y
595200,1.729380,1768498051.422,0.0001,Y
595840,1.785285,1768498072.875,0.0001,Y
596480,1.836655,1768498094.830,0.0001,Y
597120,1.739059,1768498116.815,0.0001,Y
597760,1.778956,1768498138.452,0.0001,Y
598400,1.825519,1768498160.243,0.0001,Y
599040,1.867266,1768498182.748,0.0001,Y
599680,1.732928,1768498204.153,0.0001,Y
600320,1.798691,1768498226.513,0.0001,Y
600960,1.807836,1768498249.306,0.0001,Y
601600,1.691468,1768498270.991,0.0001,Y
602240,1.824020,1768498293.488,0.0001,Y
602880,1.810277,1768498316.367,0.0001,Y
603520,1.771971,1768498337.735,0.0001,Y
604160,1.760724,1768498359.462,0.0001,Y
604800,1.734554,1768498382.047,0.0001,Y
605440,1.810112,1768498403.754,0.0001,Y
606080,1.836297,1768498425.400,0.0001,Y
606720,1.827067,1768498447.324,0.0001,Y
607360,1.793695,1768498469.288,0.0001,Y
608000,1.806979,1768498490.775,0.0001,Y
608640,1.700536,1768498513.171,0.0001,Y
609280,1.841544,1768498534.743,0.0001,Y
609920,1.797649,1768498556.810,0.0001,Y
610560,1.798481,1768498579.345,0.0001,Y
611200,1.758963,1768498601.457,0.0001,Y
611840,1.841443,1768498623.610,0.0001,Y
612480,1.796343,1768498645.827,0.0001,Y
613120,1.792257,1768498668.090,0.0001,Y
613760,1.814243,1768498689.710,0.0001,Y
614400,1.837407,1768498711.200,0.0001,Y
615040,1.862002,1768498733.192,0.0001,Y
615680,1.842294,1768498754.514,0.0001,Y
616320,1.785724,1768498776.242,0.0001,Y
616960,1.903091,1768498798.318,0.0001,Y
617600,1.829062,1768498820.926,0.0001,Y
618240,1.839775,1768498842.725,0.0001,Y
618880,1.821658,1768498864.450,0.0001,Y
619520,1.772891,1768498886.744,0.0001,Y
620160,1.763595,1768498908.603,0.0001,Y
620800,1.770790,1768498930.535,0.0001,Y
621440,1.731373,1768498952.474,0.0001,Y
622080,1.738691,1768498974.371,0.0001,Y
622720,1.726894,1768498996.474,0.0001,Y
623360,1.721355,1768499018.774,0.0001,Y
624000,1.746569,1768499041.162,0.0001,Y
624640,1.701412,1768499063.262,0.0001,Y
625280,1.818895,1768499085.459,0.0001,Y
625920,1.753949,1768499107.197,0.0001,Y
626560,1.777501,1768499129.448,0.0001,Y
627200,1.762664,1768499151.700,0.0001,Y
627840,1.774927,1768499173.366,0.0001,Y
628480,1.757363,1768499195.698,0.0001,Y
629120,1.747051,1768499217.130,0.0001,Y
629760,1.860244,1768499239.059,0.0001,Y
630400,1.744029,1768499261.854,0.0001,Y
631040,1.758763,1768499283.329,0.0001,Y
631680,1.836784,1768499305.334,0.0001,Y
632320,1.758101,1768499327.319,0.0001,Y
632960,1.873034,1768499349.390,0.0001,Y
633600,1.795480,1768499370.929,0.0001,Y
634240,1.863121,1768499392.888,0.0001,Y
634880,1.790546,1768499415.391,0.0001,Y
635520,1.774643,1768499437.575,0.0001,Y
636160,1.841115,1768499459.333,0.0001,Y
636800,1.858265,1768499481.219,0.0001,Y
637440,1.825225,1768499503.366,0.0001,Y
638080,1.733283,1768499525.355,0.0001,Y
638720,1.799623,1768499547.350,0.0001,Y
639360,1.772267,1768499569.036,0.0001,Y
640000,1.724820,1768499590.389,0.0001,Y
640640,1.742819,1768499612.335,0.0001,Y
641280,1.765451,1768499634.032,0.0001,Y
641920,1.753054,1768499655.348,0.0001,Y
642560,1.840314,1768499677.760,0.0001,Y
643200,1.843909,1768499699.217,0.0001,Y
643840,1.787032,1768499721.655,0.0001,Y
644480,1.723143,1768499743.897,0.0001,Y
645120,1.776893,1768499765.741,0.0001,Y
645760,1.804658,1768499787.243,0.0001,Y
646400,1.778312,1768499809.596,0.0001,Y
647040,1.732902,1768499831.511,0.0001,Y
647680,1.775526,1768499853.160,0.0001,Y
648320,1.802078,1768499874.686,0.0001,Y
648960,1.781481,1768499897.283,0.0001,Y
649600,1.761612,1768499919.410,0.0001,Y
650240,1.700204,1768499942.048,0.0001,Y
650880,1.739085,1768499964.016,0.0001,Y
651520,1.785532,1768499985.914,0.0001,Y
652160,1.812836,1768500007.496,0.0001,Y
652800,1.844004,1768500029.719,0.0001,Y
653440,1.728257,1768500052.029,0.0001,Y
654080,1.741263,1768500073.568,0.0001,Y
654720,1.764613,1768500095.965,0.0001,Y
655360,1.820312,1768500117.329,0.0001,Y
656000,1.783518,1768500138.817,0.0001,Y
656640,1.752926,1768500160.540,0.0001,Y
657280,1.694391,1768500182.808,0.0001,Y
657920,1.790774,1768500204.614,0.0001,Y
658560,1.775480,1768500226.836,0.0001,Y
659200,1.727405,1768500248.292,0.0001,Y
659840,1.824029,1768500269.931,0.0001,Y
660480,1.823690,1768500291.453,0.0001,Y
661120,1.758733,1768500313.949,0.0001,Y
661760,1.755928,1768500336.049,0.0001,Y
662400,1.771035,1768500357.694,0.0001,Y
663040,1.804877,1768500380.068,0.0001,Y
663680,1.845784,1768500401.947,0.0001,Y
664320,1.761347,1768500424.071,0.0001,Y
664960,1.802666,1768500446.032,0.0001,Y
665600,1.793642,1768500468.027,0.0001,Y
666240,1.875259,1768500489.871,0.0001,Y
666880,1.822717,1768500512.054,0.0001,Y
667520,1.743839,1768500533.668,0.0001,Y
668160,1.834696,1768500555.424,0.0001,Y
668800,1.711199,1768500577.241,0.0001,Y
669440,1.807646,1768500598.723,0.0001,Y
670080,1.829196,1768500620.381,0.0001,Y
670720,1.757341,1768500641.768,0.0001,Y
671360,1.815291,1768500663.819,0.0001,Y
672000,1.877995,1768500685.522,0.0001,Y
672640,1.800041,1768500707.337,0.0001,Y
673280,1.757560,1768500729.299,0.0001,Y
673920,1.807574,1768500750.693,0.0001,Y
674560,1.712832,1768500772.319,0.0001,Y
675200,1.766128,1768500793.964,0.0001,Y
675840,1.735633,1768500815.436,0.0001,Y
676480,1.715163,1768500837.501,0.0001,Y
677120,1.810467,1768500859.630,0.0001,Y
677760,1.744437,1768500881.703,0.0001,Y
678400,1.909552,1768500903.807,0.0001,Y
679040,1.747492,1768500925.421,0.0001,Y
679680,1.740739,1768500947.584,0.0001,Y
680320,1.732811,1768500969.356,0.0001,Y
680960,1.741862,1768500991.106,0.0001,Y
681600,1.750335,1768501013.170,0.0001,Y
682240,1.821784,1768501034.688,0.0001,Y
682880,1.741143,1768501056.415,0.0001,Y
683520,1.803948,1768501078.547,0.0001,Y
684160,1.732821,1768501100.274,0.0001,Y
684800,1.723791,1768501121.760,0.0001,Y
685440,1.761618,1768501143.480,0.0001,Y
686080,1.749768,1768501165.627,0.0001,Y
686720,1.773847,1768501187.020,0.0001,Y
687360,1.691864,1768501209.056,0.0001,Y
688000,1.799317,1768501231.205,0.0001,Y
688640,1.794632,1768501253.292,0.0001,Y
689280,1.807595,1768501275.233,0.0001,Y
689920,1.756533,1768501296.482,0.0001,Y
690560,1.750216,1768501318.116,0.0001,Y
691200,1.843723,1768501340.521,0.0001,Y
691840,1.872378,1768501362.471,0.0001,Y
692480,1.760783,1768501384.624,0.0001,Y
693120,1.804282,1768501406.114,0.0001,Y
693760,1.730548,1768501427.894,0.0001,Y
694400,1.703214,1768501450.054,0.0001,Y
695040,1.843364,1768501471.780,0.0001,Y
695680,1.823385,1768501493.725,0.0001,Y
696320,1.831404,1768501515.977,0.0001,Y
696960,1.736346,1768501538.119,0.0001,Y
697600,1.768285,1768501559.938,0.0001,Y
698240,1.726795,1768501582.093,0.0001,Y
698880,1.762028,1768501603.773,0.0001,Y
699520,1.838015,1768501625.199,0.0001,Y
700160,1.620567,1768501647.595,0.0001,Y
700800,1.729042,1768501669.418,0.0001,Y
701440,1.697668,1768501691.664,0.0001,Y
702080,1.709140,1768501713.792,0.0001,Y
702720,1.791668,1768501735.779,0.0001,Y
703360,1.812483,1768501757.881,0.0001,Y
704000,1.749922,1768501780.407,0.0001,Y
704640,1.776284,1768501801.865,0.0001,Y
705280,1.805024,1768501823.624,0.0001,Y
705920,1.746158,1768501846.210,0.0001,Y
706560,1.775484,1768501868.267,0.0001,Y
707200,1.780909,1768501889.841,0.0001,Y
707840,1.720448,1768501911.285,0.0001,Y
708480,1.710510,1768501933.320,0.0001,Y
709120,1.746161,1768501955.007,0.0001,Y
709760,1.805968,1768501976.385,0.0001,Y
710400,1.810439,1768501998.687,0.0001,Y
711040,1.709874,1768502020.428,0.0001,Y
711680,1.744342,1768502042.944,0.0001,Y
712320,1.660005,1768502065.161,0.0001,Y
712960,1.818490,1768502086.644,0.0001,Y
713600,1.748084,1768502108.451,0.0001,Y
714240,1.742737,1768502130.591,0.0001,Y
714880,1.736128,1768502152.872,0.0001,Y
715520,1.751217,1768502175.035,0.0001,Y
716160,1.798698,1768502196.783,0.0001,Y
716800,1.715594,1768502219.100,0.0001,Y
717440,1.649427,1768502240.425,0.0001,Y
718080,1.749261,1768502261.786,0.0001,Y
718720,1.730866,1768502283.584,0.0001,Y
719360,1.767327,1768502304.703,0.0001,Y
720000,1.729095,1768502326.225,0.0001,Y
720640,1.732493,1768502348.168,0.0001,Y
721280,1.673357,1768502369.575,0.0001,Y
721920,1.726030,1768502390.606,0.0001,Y
722560,1.823770,1768502412.672,0.0001,Y
723200,1.695186,1768502434.397,0.0001,Y
723840,1.830159,1768502456.323,0.0001,Y
724480,1.735735,1768502478.481,0.0001,Y
725120,1.657495,1768502500.866,0.0001,Y
725760,1.672233,1768502522.027,0.0001,Y
726400,1.732839,1768502543.591,0.0001,Y
727040,1.706115,1768502565.659,0.0001,Y
727680,1.770316,1768502587.254,0.0001,Y
728320,1.878709,1768502609.613,0.0001,Y
728960,1.721022,1768502632.045,0.0001,Y
729600,1.714359,1768502654.177,0.0001,Y
730240,1.722221,1768502676.454,0.0001,Y
730880,1.690978,1768502698.399,0.0001,Y
731520,1.800650,1768502720.908,0.0001,Y
732160,1.765292,1768502742.432,0.0001,Y
732800,1.774917,1768502764.772,0.0001,Y
733440,1.825937,1768502786.165,0.0001,Y
734080,1.763557,1768502808.597,0.0001,Y
734720,1.734226,1768502830.614,0.0001,Y
735360,1.740426,1768502852.764,0.0001,Y
736000,1.745922,1768502874.849,0.0001,Y
736640,1.743921,1768502896.748,0.0001,Y
737280,1.781694,1768502918.634,0.0001,Y
737920,1.798656,1768502940.640,0.0001,Y
738560,1.712017,1768502962.121,0.0001,Y
739200,1.666402,1768502984.611,0.0001,Y
739840,1.731678,1768503006.209,0.0001,Y
740480,1.803697,1768503028.194,0.0001,Y
741120,1.722820,1768503050.253,0.0001,Y
741760,1.818183,1768503072.286,0.0001,Y
742400,1.634922,1768503094.007,0.0001,Y
743040,1.789607,1768503115.355,0.0001,Y
743680,1.659286,1768503137.166,0.0001,Y
744320,1.839059,1768503159.507,0.0001,Y
744960,1.654873,1768503181.537,0.0001,Y
745600,1.790346,1768503203.529,0.0001,Y
746240,1.698843,1768503225.360,0.0001,Y
746880,1.810180,1768503247.386,0.0001,Y
747520,1.766213,1768503269.809,0.0001,Y
748160,1.718750,1768503291.827,0.0001,Y
748800,1.726915,1768503313.770,0.0001,Y
749440,1.661074,1768503335.612,0.0001,Y
750080,1.662570,1768503356.788,0.0001,Y
750720,1.736578,1768503378.201,0.0001,Y
751360,1.701527,1768503399.508,0.0001,Y
752000,1.775812,1768503421.819,0.0001,Y
752640,1.752113,1768503443.370,0.0001,Y
753280,1.671361,1768503465.662,0.0001,Y
753920,1.743109,1768503487.865,0.0001,Y
754560,1.700751,1768503508.998,0.0001,Y
755200,1.750586,1768503530.856,0.0001,Y
755840,1.701937,1768503552.781,0.0001,Y
756480,1.768369,1768503574.340,0.0001,Y
757120,1.817300,1768503596.316,0.0001,Y
757760,1.777892,1768503618.470,0.0001,Y
758400,1.728781,1768503640.438,0.0001,Y
759040,1.712743,1768503662.291,0.0001,Y
759680,1.758926,1768503683.798,0.0001,Y
760320,1.717928,1768503705.931,0.0001,Y
760960,1.715705,1768503727.830,0.0001,Y
761600,1.750684,1768503749.888,0.0001,Y
762240,1.655747,1768503772.763,0.0001,Y
762880,1.719387,1768503794.627,0.0001,Y
763520,1.777768,1768503817.006,0.0001,Y
764160,1.745317,1768503839.077,0.0001,Y
764800,1.701539,1768503861.254,0.0001,Y
765440,1.676912,1768503883.147,0.0001,Y
766080,1.714159,1768503905.611,0.0001,Y
766720,1.692417,1768503927.717,0.0001,Y
767360,1.708228,1768503949.283,0.0001,Y
768000,1.815413,1768503971.081,0.0001,Y
768640,1.728892,1768503992.288,0.0001,Y
769280,1.751582,1768504013.870,0.0001,Y
769920,1.680376,1768504035.376,0.0001,Y
770560,1.714454,1768504057.913,0.0001,Y
771200,1.818544,1768504079.537,0.0001,Y
771840,1.814052,1768504101.426,0.0001,Y
772480,1.718194,1768504122.808,0.0001,Y
773120,1.815084,1768504144.112,0.0001,Y
773760,1.686492,1768504165.805,0.0001,Y
774400,1.777851,1768504187.534,0.0001,Y
775040,1.699657,1768504208.499,0.0001,Y
775680,1.734726,1768504230.835,0.0001,Y
776320,1.618435,1768504252.886,0.0001,Y
776960,1.712353,1768504274.530,0.0001,Y
777600,1.733469,1768504296.651,0.0001,Y
778240,1.738395,1768504317.942,0.0001,Y
778880,1.694358,1768504340.085,0.0001,Y
779520,1.713360,1768504361.764,0.0001,Y
780160,1.714574,1768504382.715,0.0001,Y
780800,1.793468,1768504405.135,0.0001,Y
781440,1.684403,1768504426.836,0.0001,Y
782080,1.729543,1768504448.685,0.0001,Y
782720,1.623977,1768504470.640,0.0001,Y
783360,1.721837,1768504492.354,0.0001,Y
784000,1.747525,1768504514.521,0.0001,Y
784640,1.762649,1768504536.970,0.0001,Y
785280,1.669929,1768504559.003,0.0001,Y
785920,1.682111,1768504581.345,0.0001,Y
786560,1.686695,1768504603.330,0.0001,Y
787200,1.703136,1768504625.203,0.0001,Y
787840,1.742932,1768504647.075,0.0001,Y
788480,1.750847,1768504669.029,0.0001,Y
789120,1.755087,1768504690.574,0.0001,Y
789760,1.731967,1768504712.434,0.0001,Y
790400,1.724459,1768504734.465,0.0001,Y
791040,1.673235,1768504756.467,0.0001,Y
791680,1.702052,1768504779.178,0.0001,Y
792320,1.794854,1768504800.006,0.0001,Y
792960,1.731289,1768504821.676,0.0001,Y
793600,1.720894,1768504843.954,0.0001,Y
794240,1.729401,1768504865.514,0.0001,Y
794880,1.757026,1768504886.950,0.0001,Y
795520,1.695025,1768504909.105,0.0001,Y
796160,1.705429,1768504930.589,0.0001,Y
796800,1.779195,1768504952.934,0.0001,Y
797440,1.664025,1768504974.938,0.0001,Y
798080,1.804643,1768504997.464,0.0001,Y
798720,1.685516,1768505019.403,0.0001,Y
799360,1.762080,1768505041.539,0.0001,Y
800000,1.751868,1768505063.338,0.0001,Y
800640,1.743528,1768505084.747,0.0001,Y
801280,1.763731,1768505107.260,0.0001,Y
801920,1.653001,1768505129.039,0.0001,Y
802560,1.687101,1768505150.665,0.0001,Y
803200,1.747273,1768505172.236,0.0001,Y
803840,1.738044,1768505193.873,0.0001,Y
804480,1.667437,1768505215.558,0.0001,Y
805120,1.780849,1768505237.276,0.0001,Y
805760,1.790411,1768505259.133,0.0001,Y
806400,1.719308,1768505280.857,0.0001,Y
807040,1.694336,1768505303.109,0.0001,Y
807680,1.709805,1768505324.908,0.0001,Y
808320,1.718767,1768505346.798,0.0001,Y
808960,1.644595,1768505368.865,0.0001,Y
809600,1.713175,1768505391.569,0.0001,Y
810240,1.674017,1768505413.757,0.0001,Y
810880,1.770790,1768505435.462,0.0001,Y
811520,1.731680,1768505456.782,0.0001,Y
812160,1.737662,1768505479.021,0.0001,Y
812800,1.687147,1768505500.315,0.0001,Y
813440,1.693555,1768505522.286,0.0001,Y
814080,1.649620,1768505543.897,0.0001,Y
814720,1.724699,1768505565.846,0.0001,Y
815360,1.670803,1768505587.455,0.0001,Y
816000,1.715023,1768505609.393,0.0001,Y
816640,1.726694,1768505631.364,0.0001,Y
817280,1.720002,1768505653.010,0.0001,Y
817920,1.713666,1768505674.933,0.0001,Y
818560,1.691667,1768505697.835,0.0001,Y
819200,1.710536,1768505719.687,0.0001,Y
819840,1.686443,1768505741.729,0.0001,Y
820480,1.700373,1768505763.584,0.0001,Y
821120,1.696117,1768505786.133,0.0001,Y
821760,1.677364,1768505807.611,0.0001,Y
822400,1.705746,1768505829.539,0.0001,Y
823040,1.725385,1768505851.042,0.0001,Y
823680,1.728264,1768505873.236,0.0001,Y
824320,1.691936,1768505895.257,0.0001,Y
824960,1.720286,1768505917.314,0.0001,Y
825600,1.647883,1768505939.095,0.0001,Y
826240,1.755045,1768505961.330,0.0001,Y
826880,1.672953,1768505983.422,0.0001,Y
827520,1.659972,1768506005.500,0.0001,Y
828160,1.737427,1768506027.284,0.0001,Y
828800,1.735679,1768506049.798,0.0001,Y
829440,1.666548,1768506071.402,0.0001,Y
830080,1.693826,1768506093.438,0.0001,Y
830720,1.674557,1768506115.723,0.0001,Y
831360,1.712064,1768506137.263,0.0001,Y
832000,1.652180,1768506159.035,0.0001,Y
832640,1.726575,1768506180.972,0.0001,Y
833280,1.658336,1768506203.307,0.0001,Y
833920,1.641257,1768506224.770,0.0001,Y
834560,1.707175,1768506246.635,0.0001,Y
835200,1.721686,1768506268.519,0.0001,Y
835840,1.620251,1768506289.926,0.0001,Y
836480,1.696903,1768506311.173,0.0001,Y
837120,1.688932,1768506333.573,0.0001,Y
837760,1.721755,1768506355.527,0.0001,Y
838400,1.748464,1768506377.205,0.0001,Y
839040,1.750825,1768506398.999,0.0001,Y
839680,1.710989,1768506421.101,0.0001,Y
840320,1.700215,1768506443.215,0.0001,Y
840960,1.572751,1768506465.241,0.0001,Y
841600,1.700170,1768506487.354,0.0001,Y
842240,1.713179,1768506509.130,0.0001,Y
842880,1.665892,1768506531.384,0.0001,Y
843520,1.701873,1768506553.765,0.0001,Y
844160,1.791483,1768506575.364,0.0001,Y
844800,1.741827,1768506597.557,0.0001,Y
845440,1.686669,1768506619.547,0.0001,Y
846080,1.811701,1768506641.357,0.0001,Y
846720,1.692548,1768506663.067,0.0001,Y
847360,1.718665,1768506685.328,0.0001,Y
848000,1.643941,1768506707.190,0.0001,Y
848640,1.638609,1768506728.574,0.0001,Y
849280,1.787883,1768506750.087,0.0001,Y
849920,1.663997,1768506772.178,0.0001,Y
850560,1.675277,1768506793.359,0.0001,Y
851200,1.701673,1768506815.064,0.0001,Y
851840,1.764588,1768506836.708,0.0001,Y
852480,1.641491,1768506858.554,0.0001,Y
853120,1.697653,1768506880.432,0.0001,Y
853760,1.747608,1768506902.072,0.0001,Y
854400,1.681135,1768506924.327,0.0001,Y
855040,1.680288,1768506946.566,0.0001,Y
855680,1.708840,1768506968.639,0.0001,Y
856320,1.672446,1768506990.841,0.0001,Y
856960,1.769023,1768507012.514,0.0001,Y
857600,1.715566,1768507033.516,0.0001,Y
858240,1.761299,1768507055.752,0.0001,Y
858880,1.694410,1768507076.749,0.0001,Y
859520,1.616903,1768507098.518,0.0001,Y
860160,1.674436,1768507120.564,0.0001,Y
860800,1.667614,1768507142.347,0.0001,Y
861440,1.736876,1768507164.587,0.0001,Y
862080,1.773452,1768507186.558,0.0001,Y
862720,1.700228,1768507208.404,0.0001,Y
863360,1.826187,1768507229.540,0.0001,Y
864000,1.747305,1768507250.611,0.0001,Y
864640,1.684764,1768507271.990,0.0001,Y
865280,1.740755,1768507293.682,0.0001,Y
865920,1.691807,1768507315.243,0.0001,Y
866560,1.634420,1768507337.459,0.0001,Y
867200,1.634605,1768507358.809,0.0001,Y
867840,1.678142,1768507380.580,0.0001,Y
868480,1.704839,1768507403.002,0.0001,Y
869120,1.737476,1768507424.621,0.0001,Y
869760,1.709292,1768507445.526,0.0001,Y
870400,1.737812,1768507468.581,0.0001,Y
871040,1.692597,1768507489.966,0.0001,Y
871680,1.717174,1768507511.550,0.0001,Y
872320,1.683347,1768507534.129,0.0001,Y
872960,1.658460,1768507556.145,0.0001,Y
873600,1.704900,1768507578.230,0.0001,Y
874240,1.637974,1768507599.881,0.0001,Y
874880,1.687746,1768507622.177,0.0001,Y
875520,1.750573,1768507643.328,0.0001,Y
876160,1.706693,1768507665.236,0.0001,Y
876800,1.680210,1768507687.300,0.0001,Y
877440,1.696552,1768507709.129,0.0001,Y
878080,1.673694,1768507730.981,0.0001,Y
878720,1.664707,1768507752.331,0.0001,Y
879360,1.660871,1768507774.468,0.0001,Y
880000,1.687941,1768507796.302,0.0001,Y
880640,1.678524,1768507817.754,0.0001,Y
881280,1.787404,1768507840.211,0.0001,Y
881920,1.702163,1768507861.607,0.0001,Y
882560,1.747791,1768507882.852,0.0001,Y
883200,1.682041,1768507904.879,0.0001,Y
883840,1.720916,1768507926.270,0.0001,Y
884480,1.636212,1768507948.354,0.0001,Y
885120,1.685078,1768507969.575,0.0001,Y
885760,1.655594,1768507991.278,0.0001,Y
886400,1.595965,1768508013.205,0.0001,Y
887040,1.663981,1768508035.159,0.0001,Y
887680,1.692817,1768508057.198,0.0001,Y
888320,1.724369,1768508078.420,0.0001,Y
888960,1.591457,1768508099.819,0.0001,Y
889600,1.639264,1768508121.597,0.0001,Y
890240,1.768892,1768508143.019,0.0001,Y
890880,1.659235,1768508164.559,0.0001,Y
891520,1.735045,1768508186.747,0.0001,Y
892160,1.678586,1768508209.147,0.0001,Y
892800,1.758761,1768508230.888,0.0001,Y
893440,1.675930,1768508252.027,0.0001,Y
894080,1.727936,1768508274.231,0.0001,Y
894720,1.650598,1768508296.803,0.0001,Y
895360,1.676884,1768508318.554,0.0001,Y
896000,1.677881,1768508339.969,0.0001,Y
896640,1.724834,1768508361.698,0.0001,Y
897280,1.725430,1768508382.970,0.0001,Y
897920,1.668073,1768508404.578,0.0001,Y
898560,1.679659,1768508426.915,0.0001,Y
899200,1.644840,1768508448.877,0.0001,Y
899840,1.685930,1768508470.676,0.0001,Y
900480,1.596293,1768508493.098,5e-05,Y
901120,1.700943,1768508514.579,5e-05,Y
901760,1.701468,1768508536.296,5e-05,Y
902400,1.723177,1768508558.233,5e-05,Y
903040,1.709457,1768508579.888,5e-05,Y
903680,1.687131,1768508601.714,5e-05,Y
904320,1.647375,1768508623.772,5e-05,Y
904960,1.710138,1768508645.628,5e-05,Y
905600,1.631298,1768508666.740,5e-05,Y
906240,1.693358,1768508689.392,5e-05,Y
906880,1.693221,1768508711.503,5e-05,Y
907520,1.641397,1768508733.915,5e-05,Y
908160,1.683389,1768508755.327,5e-05,Y
908800,1.666451,1768508777.802,5e-05,Y
909440,1.638904,1768508799.481,5e-05,Y
910080,1.708761,1768508821.072,5e-05,Y
910720,1.625870,1768508843.151,5e-05,Y
911360,1.629299,1768508865.565,5e-05,Y
912000,1.663886,1768508887.583,5e-05,Y
912640,1.701190,1768508909.442,5e-05,Y
913280,1.722316,1768508931.327,5e-05,Y
913920,1.683732,1768508953.096,5e-05,Y
914560,1.694446,1768508974.912,5e-05,Y
915200,1.709338,1768508997.183,5e-05,Y
915840,1.656949,1768509019.194,5e-05,Y
916480,1.703416,1768509040.842,5e-05,Y
917120,1.726497,1768509063.030,5e-05,Y
917760,1.718947,1768509084.564,5e-05,Y
918400,1.698249,1768509106.601,5e-05,Y
919040,1.649495,1768509128.842,5e-05,Y
919680,1.656295,1768509150.394,5e-05,Y
920320,1.706717,1768509172.506,5e-05,Y
920960,1.607292,1768509194.666,5e-05,Y
921600,1.683262,1768509217.038,5e-05,Y
922240,1.687733,1768509239.074,5e-05,Y
922880,1.705183,1768509260.646,5e-05,Y
923520,1.706089,1768509282.535,5e-05,Y
924160,1.653542,1768509304.666,5e-05,Y
924800,1.719044,1768509326.409,5e-05,Y
925440,1.653992,1768509348.291,5e-05,Y
926080,1.641505,1768509370.283,5e-05,Y
926720,1.609159,1768509392.855,5e-05,Y
927360,1.695413,1768509414.698,5e-05,Y
928000,1.690041,1768509436.840,5e-05,Y
928640,1.683362,1768509458.527,5e-05,Y
929280,1.675384,1768509480.526,5e-05,Y
929920,1.704037,1768509502.136,5e-05,Y
930560,1.667769,1768509523.810,5e-05,Y
931200,1.644721,1768509545.435,5e-05,Y
931840,1.656606,1768509567.743,5e-05,Y
932480,1.652399,1768509589.285,5e-05,Y
933120,1.687133,1768509610.568,5e-05,Y
933760,1.672100,1768509632.615,5e-05,Y
934400,1.685450,1768509654.523,5e-05,Y
935040,1.801724,1768509675.995,5e-05,Y
935680,1.634122,1768509697.168,5e-05,Y
936320,1.654504,1768509718.924,5e-05,Y
936960,1.682105,1768509740.953,5e-05,Y
937600,1.688119,1768509762.795,5e-05,Y
938240,1.633291,1768509783.868,5e-05,Y
938880,1.742287,1768509805.669,5e-05,Y
939520,1.662344,1768509827.713,5e-05,Y
940160,1.725893,1768509849.147,5e-05,Y
940800,1.664117,1768509871.529,5e-05,Y
941440,1.717332,1768509893.279,5e-05,Y
942080,1.632010,1768509914.121,5e-05,Y
942720,1.669498,1768509936.101,5e-05,Y
943360,1.645741,1768509957.599,5e-05,Y
944000,1.655357,1768509978.907,5e-05,Y
944640,1.616720,1768510001.319,5e-05,Y
945280,1.643870,1768510023.007,5e-05,Y
945920,1.607763,1768510044.496,5e-05,Y
946560,1.615924,1768510066.795,5e-05,Y
947200,1.689434,1768510088.809,5e-05,Y
947840,1.661824,1768510110.648,5e-05,Y
948480,1.631637,1768510132.413,5e-05,Y
949120,1.681473,1768510154.709,5e-05,Y
949760,1.695962,1768510176.904,5e-05,Y
950400,1.558777,1768510198.668,5e-05,Y
951040,1.624018,1768510220.652,5e-05,Y
951680,1.698204,1768510242.671,5e-05,Y
952320,1.645516,1768510264.917,5e-05,Y
952960,1.655567,1768510287.566,5e-05,Y
953600,1.820937,1768510308.877,5e-05,Y
954240,1.649274,1768510330.464,5e-05,Y
954880,1.677754,1768510352.630,5e-05,Y
955520,1.666626,1768510374.453,5e-05,Y
956160,1.679585,1768510396.710,5e-05,Y
956800,1.684333,1768510417.903,5e-05,Y
957440,1.641156,1768510439.686,5e-05,Y
958080,1.631201,1768510461.223,5e-05,Y
958720,1.691602,1768510482.928,5e-05,Y
959360,1.613742,1768510504.928,5e-05,Y
960000,1.637252,1768510526.914,5e-05,Y
960640,1.638889,1768510548.187,5e-05,Y
961280,1.690040,1768510570.566,5e-05,Y
961920,1.664931,1768510592.462,5e-05,Y
962560,1.653082,1768510614.107,5e-05,Y
963200,1.726185,1768510636.030,5e-05,Y
963840,1.631899,1768510657.699,5e-05,Y
964480,1.658041,1768510679.653,5e-05,Y
965120,1.678834,1768510701.465,5e-05,Y
965760,1.679295,1768510723.646,5e-05,Y
966400,1.634187,1768510745.192,5e-05,Y
967040,1.678761,1768510767.173,5e-05,Y
967680,1.646650,1768510789.576,5e-05,Y
968320,1.734570,1768510811.683,5e-05,Y
968960,1.686563,1768510833.357,5e-05,Y
969600,1.730325,1768510855.137,5e-05,Y
970240,1.609672,1768510877.037,5e-05,Y
970880,1.730473,1768510898.647,5e-05,Y
971520,1.696345,1768510920.048,5e-05,Y
972160,1.589386,1768510942.485,5e-05,Y
972800,1.687933,1768510964.421,5e-05,Y
973440,1.749319,1768510986.585,5e-05,Y
974080,1.652921,1768511008.364,5e-05,Y
974720,1.679021,1768511030.306,5e-05,Y
975360,1.689941,1768511052.048,5e-05,Y
976000,1.612130,1768511074.191,5e-05,Y
976640,1.664906,1768511095.751,5e-05,Y
977280,1.664720,1768511117.563,5e-05,Y
977920,1.720925,1768511139.398,5e-05,Y
978560,1.697817,1768511161.167,5e-05,Y
979200,1.719253,1768511183.179,5e-05,Y
979840,1.681225,1768511204.938,5e-05,Y
980480,1.680771,1768511227.210,5e-05,Y
981120,1.625048,1768511249.232,5e-05,Y
981760,1.668412,1768511270.696,5e-05,Y
982400,1.643011,1768511292.634,5e-05,Y
983040,1.644776,1768511314.117,5e-05,Y
983680,1.654676,1768511335.399,5e-05,Y
984320,1.685899,1768511357.007,5e-05,Y
984960,1.686351,1768511379.345,5e-05,Y
985600,1.766457,1768511400.800,5e-05,Y
986240,1.706286,1768511422.761,5e-05,Y
986880,1.706079,1768511445.004,5e-05,Y
987520,1.737126,1768511466.896,5e-05,Y
988160,1.721457,1768511488.353,5e-05,Y
988800,1.627140,1768511510.710,5e-05,Y
989440,1.654826,1768511532.774,5e-05,Y
990080,1.613500,1768511554.095,5e-05,Y
990720,1.633720,1768511576.102,5e-05,Y
991360,1.664310,1768511598.659,5e-05,Y
992000,1.750715,1768511620.361,5e-05,Y
992640,1.656136,1768511642.388,5e-05,Y
993280,1.693460,1768511664.681,5e-05,Y
993920,1.729945,1768511686.165,5e-05,Y
994560,1.758088,1768511708.085,5e-05,Y
995200,1.719288,1768511729.964,5e-05,Y
995840,1.671600,1768511751.749,5e-05,Y
996480,1.584820,1768511773.173,5e-05,Y
997120,1.627383,1768511794.694,5e-05,Y
997760,1.584670,1768511816.857,5e-05,Y
998400,1.625126,1768511838.710,5e-05,Y
999040,1.714857,1768511860.327,5e-05,Y
999680,1.648740,1768511882.379,5e-05,Y
1000000,1.675839,1768511893.163,5e-05,Y
